Date, Daily maximum temperatures in Melbourne. Australia. 1981-1990 
1981-01-01, 38.10     
1981-01-02, 32.40     
1981-01-03, 34.50     
1981-01-04, 20.70     
1981-01-05, 21.50     
1981-01-06, 23.10     
1981-01-07, 29.70     
1981-01-08, 36.60     
1981-01-09, 36.10     
1981-01-10, 20.60     
1981-01-11, 20.40     
1981-01-12, 30.10     
1981-01-13, 38.70     
1981-01-14, 41.40     
1981-01-15, 37.00     
1981-01-16, 36.00     
1981-01-17, 37.00     
1981-01-18, 38.00     
1981-01-19, 23.00     
1981-01-20, 26.70     
1981-01-21, 27.50     
1981-01-22, 21.70     
1981-01-23, 22.90     
1981-01-24, 26.20     
1981-01-25, 36.50     
1981-01-26, 41.80     
1981-01-27, 21.50     
1981-01-28, 19.20     
1981-01-29, 25.00     
1981-01-30, 28.90     
1981-01-31, 23.20     
1981-02-01, 31.50     
1981-02-02, 36.20     
1981-02-03, 38.20     
1981-02-04, 26.40     
1981-02-05, 20.90     
1981-02-06, 21.50     
1981-02-07, 30.20     
1981-02-08, 33.40     
1981-02-09, 32.60     
1981-02-10, 22.20     
1981-02-11, 21.70     
1981-02-12, 30.00     
1981-02-13, 35.70     
1981-02-14, 32.80     
1981-02-15, 39.30     
1981-02-16, 25.50     
1981-02-17, 23.00     
1981-02-18, 19.90     
1981-02-19, 21.30     
1981-02-20, 20.80     
1981-02-21, 21.70     
1981-02-22, 23.80     
1981-02-23, 29.00     
1981-02-24, 23.70     
1981-02-25, 21.30     
1981-02-26, 28.50     
1981-02-27, 33.60     
1981-02-28, 34.60     
1981-03-01, 34.20     
1981-03-02, 27.00     
1981-03-03, 24.20     
1981-03-04, 19.90     
1981-03-05, 19.70     
1981-03-06, 21.50     
1981-03-07, 30.60     
1981-03-08, 30.00     
1981-03-09, 19.00     
1981-03-10, 19.60     
1981-03-11, 20.60     
1981-03-12, 23.60     
1981-03-13, 17.90     
1981-03-14, 17.30     
1981-03-15, 21.40     
1981-03-16, 24.10     
1981-03-17, 20.90     
1981-03-18, 30.10     
1981-03-19, 32.60     
1981-03-20, 21.30     
1981-03-21, 19.50     
1981-03-22, 19.90     
1981-03-23, 21.00     
1981-03-24, 25.40     
1981-03-25, 17.50     
1981-03-26, 20.40     
1981-03-27, 26.80     
1981-03-28, 25.80     
1981-03-29, 20.90     
1981-03-30, 19.40     
1981-03-31, 25.80     
1981-04-01, 26.30     
1981-04-02, 29.60     
1981-04-03, 30.30     
1981-04-04, 23.60     
1981-04-05, 28.40     
1981-04-06, 20.70     
1981-04-07, 24.10     
1981-04-08, 27.30     
1981-04-09, 23.20     
1981-04-10, 18.30     
1981-04-11, 24.60     
1981-04-12, 27.40     
1981-04-13, 20.40     
1981-04-14, 18.10     
1981-04-15, 25.20     
1981-04-16, 19.80     
1981-04-17, 21.00     
1981-04-18, 23.70     
1981-04-19, 19.60     
1981-04-20, 18.10     
1981-04-21, 20.80     
1981-04-22, 26.00     
1981-04-23, 18.40     
1981-04-24, 22.00     
1981-04-25, 14.40     
1981-04-26, 19.90     
1981-04-27, 22.60     
1981-04-28, 13.70     
1981-04-29, 15.90     
1981-04-30, 21.20     
1981-05-01, 23.70     
1981-05-02, 24.00     
1981-05-03, 17.20     
1981-05-04, 23.20     
1981-05-05, 25.20     
1981-05-06, 17.20     
1981-05-07, 16.00     
1981-05-08, 15.60     
1981-05-09, 13.40     
1981-05-10, 16.00     
1981-05-11, 16.80     
1981-05-12, 14.60     
1981-05-13, 19.40     
1981-05-14, 21.00     
1981-05-15, 19.50     
1981-05-16, 18.50     
1981-05-17, 13.30     
1981-05-18, 13.70     
1981-05-19, 14.30     
1981-05-20, 14.10     
1981-05-21, 11.40     
1981-05-22, 13.60     
1981-05-23, 16.60     
1981-05-24, 17.60     
1981-05-25, 14.60     
1981-05-26, 17.20     
1981-05-27, 14.40     
1981-05-28, 16.40     
1981-05-29, 17.30     
1981-05-30, 17.60     
1981-05-31, 17.20     
1981-06-01, 17.70     
1981-06-02, 14.20     
1981-06-03, 16.60     
1981-06-04, 15.70     
1981-06-05, 13.70     
1981-06-06, 14.70     
1981-06-07, 13.10     
1981-06-08, 12.90     
1981-06-09, 15.40     
1981-06-10, 11.90     
1981-06-11, 15.20     
1981-06-12, 15.30     
1981-06-13, 16.50     
1981-06-14, 16.10     
1981-06-15, 11.70     
1981-06-16, 11.20     
1981-06-17, 11.50     
1981-06-18, 10.80     
1981-06-19, 16.10     
1981-06-20, 14.80     
1981-06-21, 13.60     
1981-06-22, 13.80     
1981-06-23, 9.70     
1981-06-24, 10.70     
1981-06-25, 11.00     
1981-06-26, 15.30     
1981-06-27, 15.30     
1981-06-28, 17.00     
1981-06-29, 16.00     
1981-06-30, 16.30     
1981-07-01, 15.70     
1981-07-02, 14.50     
1981-07-03, 10.80     
1981-07-04, 10.50     
1981-07-05, 13.40     
1981-07-06, 12.20     
1981-07-07, 13.20     
1981-07-08, 13.00     
1981-07-09, 12.40     
1981-07-10, 13.10     
1981-07-11, 9.80     
1981-07-12, 10.50     
1981-07-13, 13.40     
1981-07-14, 11.00     
1981-07-15, 13.10     
1981-07-16, 15.00     
1981-07-17, 16.70     
1981-07-18, 16.10     
1981-07-19, 18.20     
1981-07-20, 15.70     
1981-07-21, 17.70     
1981-07-22, 15.90     
1981-07-23, 15.10     
1981-07-24, 15.20     
1981-07-25, 14.70     
1981-07-26, 13.30     
1981-07-27, 14.50     
1981-07-28, 11.10     
1981-07-29, 13.10     
1981-07-30, 13.70     
1981-07-31, 14.60     
1981-08-01, 12.90     
1981-08-02, 12.80     
1981-08-03, 15.20     
1981-08-04, 14.50     
1981-08-05, 17.20     
1981-08-06, 14.50     
1981-08-07, 14.40     
1981-08-08, 11.00     
1981-08-09, 13.10     
1981-08-10, 13.60     
1981-08-11, 14.60     
1981-08-12, 12.70     
1981-08-13, 13.60     
1981-08-14, 12.70     
1981-08-15, 15.50     
1981-08-16, 17.40     
1981-08-17, 15.20     
1981-08-18, 14.20     
1981-08-19, 17.70     
1981-08-20, 19.20     
1981-08-21, 12.50     
1981-08-22, 14.20     
1981-08-23, 15.30     
1981-08-24, 15.70     
1981-08-25, 17.00     
1981-08-26, 19.00     
1981-08-27, 13.10     
1981-08-28, 13.20     
1981-08-29, 13.20     
1981-08-30, 15.70     
1981-08-31, 14.10     
1981-09-01, 15.60     
1981-09-02, 15.50     
1981-09-03, 15.90     
1981-09-04, 15.10     
1981-09-05, 16.00     
1981-09-06, 19.40     
1981-09-07, 21.50     
1981-09-08, 23.70     
1981-09-09, 18.70     
1981-09-10, 23.80     
1981-09-11, 18.00     
1981-09-12, 16.20     
1981-09-13, 18.50     
1981-09-14, 20.60     
1981-09-15, 18.30     
1981-09-16, 22.50     
1981-09-17, 26.90     
1981-09-18, 19.40     
1981-09-19, 15.90     
1981-09-20, 20.50     
1981-09-21, 21.20     
1981-09-22, 19.50     
1981-09-23, 14.70     
1981-09-24, 17.60     
1981-09-25, 15.80     
1981-09-26, 17.70     
1981-09-27, 14.30     
1981-09-28, 16.80     
1981-09-29, 18.60     
1981-09-30, 21.90     
1981-10-01, 21.40     
1981-10-02, 20.80     
1981-10-03, 14.00     
1981-10-04, 17.00     
1981-10-05, 23.00     
1981-10-06, 26.40     
1981-10-07, 19.60     
1981-10-08, 22.70     
1981-10-09, 26.90     
1981-10-10, 14.70     
1981-10-11, 15.20     
1981-10-12, 19.80     
1981-10-13, 26.90     
1981-10-14, 20.20     
1981-10-15, 14.30     
1981-10-16, 14.80     
1981-10-17, 18.50     
1981-10-18, 21.70     
1981-10-19, 21.40     
1981-10-20, 21.80     
1981-10-21, 18.20     
1981-10-22, 15.80     
1981-10-23, 15.30     
1981-10-24, 18.50     
1981-10-25, 19.20     
1981-10-26, 28.50     
1981-10-27, 32.20     
1981-10-28, 21.80     
1981-10-29, 22.10     
1981-10-30, 20.70     
1981-10-31, 17.00     
1981-11-01, 24.70     
1981-11-02, 26.20     
1981-11-03, 29.00     
1981-11-04, 21.60     
1981-11-05, 17.10     
1981-11-06, 16.90     
1981-11-07, 19.10     
1981-11-08, 24.70     
1981-11-09, 25.40     
1981-11-10, 19.80     
1981-11-11, 18.20     
1981-11-12, 16.30     
1981-11-13, 17.00     
1981-11-14, 17.70     
1981-11-15, 15.50     
1981-11-16, 14.70     
1981-11-17, 15.80     
1981-11-18, 19.90     
1981-11-19, 20.40     
1981-11-20, 23.30     
1981-11-21, 20.20     
1981-11-22, 28.80     
1981-11-23, 31.20     
1981-11-24, 17.40     
1981-11-25, 18.50     
1981-11-26, 26.80     
1981-11-27, 34.30     
1981-11-28, 30.10     
1981-11-29, 20.50     
1981-11-30, 20.50     
1981-12-01, 19.80     
1981-12-02, 27.00     
1981-12-03, 21.00     
1981-12-04, 33.00     
1981-12-05, 22.60     
1981-12-06, 28.30     
1981-12-07, 21.10     
1981-12-08, 19.00     
1981-12-09, 17.30     
1981-12-10, 27.00     
1981-12-11, 30.20     
1981-12-12, 24.80     
1981-12-13, 17.90     
1981-12-14, 17.90     
1981-12-15, 20.70     
1981-12-16, 30.90     
1981-12-17, 36.20     
1981-12-18, 21.00     
1981-12-19, 20.20     
1981-12-20, 21.30     
1981-12-21, 24.20     
1981-12-22, 21.00     
1981-12-23, 20.70     
1981-12-24, 17.80     
1981-12-25, 19.60     
1981-12-26, 22.60     
1981-12-27, 20.50     
1981-12-28, 24.10     
1981-12-29, 22.20     
1981-12-30, 27.00     
1981-12-31, 33.60     
1982-01-01, 26.60     
1982-01-02, 20.60     
1982-01-03, 24.50     
1982-01-04, 19.80     
1982-01-05, 22.60     
1982-01-06, 29.20     
1982-01-07, 20.30     
1982-01-08, 23.00     
1982-01-09, 24.40     
1982-01-10, 38.00     
1982-01-11, 40.50     
1982-01-12, 24.20     
1982-01-13, 20.20     
1982-01-14, 21.80     
1982-01-15, 27.00     
1982-01-16, 35.20     
1982-01-17, 25.20     
1982-01-18, 32.70     
1982-01-19, 35.90     
1982-01-20, 38.90     
1982-01-21, 26.50     
1982-01-22, 21.80     
1982-01-23, 37.90     
1982-01-24, 43.30     
1982-01-25, 19.00     
1982-01-26, 19.70     
1982-01-27, 21.40     
1982-01-28, 32.00     
1982-01-29, 33.30     
1982-01-30, 22.20     
1982-01-31, 21.30     
1982-02-01, 20.80     
1982-02-02, 22.30     
1982-02-03, 22.50     
1982-02-04, 21.40     
1982-02-05, 23.00     
1982-02-06, 35.10     
1982-02-07, 40.30     
1982-02-08, 39.00     
1982-02-09, 21.10     
1982-02-10, 25.40     
1982-02-11, 23.60     
1982-02-12, 28.10     
1982-02-13, 37.00     
1982-02-14, 39.30     
1982-02-15, 39.40     
1982-02-16, 25.80     
1982-02-17, 27.70     
1982-02-18, 23.00     
1982-02-19, 24.00     
1982-02-20, 26.10     
1982-02-21, 21.80     
1982-02-22, 24.20     
1982-02-23, 22.30     
1982-02-24, 19.70     
1982-02-25, 20.80     
1982-02-26, 17.90     
1982-02-27, 20.10     
1982-02-28, 20.90     
1982-03-01, 21.20     
1982-03-02, 20.40     
1982-03-03, 29.00     
1982-03-04, 34.70     
1982-03-05, 34.00     
1982-03-06, 30.90     
1982-03-07, 29.60     
1982-03-08, 26.10     
1982-03-09, 18.50     
1982-03-10, 21.20     
1982-03-11, 22.40     
1982-03-12, 21.40     
1982-03-13, 30.50     
1982-03-14, 32.00     
1982-03-15, 32.70     
1982-03-16, 27.40     
1982-03-17, 18.90     
1982-03-18, 19.40     
1982-03-19, 22.20     
1982-03-20, 30.20     
1982-03-21, 31.80     
1982-03-22, 31.40     
1982-03-23, 18.50     
1982-03-24, 22.20     
1982-03-25, 27.50     
1982-03-26, 25.80     
1982-03-27, 25.20     
1982-03-28, 19.10     
1982-03-29, 19.60     
1982-03-30, 21.40     
1982-03-31, 20.70     
1982-04-01, 28.30     
1982-04-02, 23.00     
1982-04-03, 16.50     
1982-04-04, 18.80     
1982-04-05, 20.00     
1982-04-06, 20.60     
1982-04-07, 19.80     
1982-04-08, 20.30     
1982-04-09, 26.60     
1982-04-10, 21.50     
1982-04-11, 22.30     
1982-04-12, 26.50     
1982-04-13, 27.10     
1982-04-14, 30.00     
1982-04-15, 28.20     
1982-04-16, 17.30     
1982-04-17, 16.80     
1982-04-18, 17.50     
1982-04-19, 19.20     
1982-04-20, 20.30     
1982-04-21, 20.60     
1982-04-22, 23.70     
1982-04-23, 24.30     
1982-04-24, 26.40     
1982-04-25, 16.00     
1982-04-26, 14.50     
1982-04-27, 14.20     
1982-04-28, 16.50     
1982-04-29, 15.70     
1982-04-30, 16.00     
1982-05-01, 16.70     
1982-05-02, 19.80     
1982-05-03, 22.50     
1982-05-04, 22.90     
1982-05-05, 18.80     
1982-05-06, 15.70     
1982-05-07, 14.70     
1982-05-08, 15.30     
1982-05-09, 15.30     
1982-05-10, 18.00     
1982-05-11, 15.10     
1982-05-12, 15.10     
1982-05-13, 13.60     
1982-05-14, 15.30     
1982-05-15, 18.00     
1982-05-16, 18.60     
1982-05-17, 22.00     
1982-05-18, 22.10     
1982-05-19, 17.80     
1982-05-20, 15.20     
1982-05-21, 11.30     
1982-05-22, 13.50     
1982-05-23, 16.10     
1982-05-24, 16.00     
1982-05-25, 16.50     
1982-05-26, 16.70     
1982-05-27, 19.60     
1982-05-28, 19.50     
1982-05-29, 18.00     
1982-05-30, 18.40     
1982-05-31, 12.90     
1982-06-01, 14.90     
1982-06-02, 12.40     
1982-06-03, 11.90     
1982-06-04, 11.70     
1982-06-05, 12.90     
1982-06-06, 12.90     
1982-06-07, 12.40     
1982-06-08, 12.50     
1982-06-09, 15.70     
1982-06-10, 15.90     
1982-06-11, 14.30     
1982-06-12, 16.90     
1982-06-13, 14.00     
1982-06-14, 13.60     
1982-06-15, 13.70     
1982-06-16, 16.00     
1982-06-17, 13.10     
1982-06-18, 13.80     
1982-06-19, 13.40     
1982-06-20, 11.30     
1982-06-21, 10.60     
1982-06-22, 13.90     
1982-06-23, 12.70     
1982-06-24, 12.50     
1982-06-25, 11.30     
1982-06-26, 11.60     
1982-06-27, 14.00     
1982-06-28, 13.70     
1982-06-29, 15.20     
1982-06-30, 14.00     
1982-07-01, 11.40     
1982-07-02, 14.20     
1982-07-03, 15.20     
1982-07-04, 12.60     
1982-07-05, 10.20     
1982-07-06, 13.90     
1982-07-07, 13.70     
1982-07-08, 13.60     
1982-07-09, 13.20     
1982-07-10, 15.40     
1982-07-11, 12.90     
1982-07-12, 11.90     
1982-07-13, 13.30     
1982-07-14, 13.30     
1982-07-15, 10.50     
1982-07-16, 10.00     
1982-07-17, 11.00     
1982-07-18, 8.30     
1982-07-19, 10.70     
1982-07-20, 11.20     
1982-07-21, 11.70     
1982-07-22, 14.20     
1982-07-23, 14.50     
1982-07-24, 16.00     
1982-07-25, 16.70     
1982-07-26, 14.40     
1982-07-27, 17.00     
1982-07-28, 14.60     
1982-07-29, 11.60     
1982-07-30, 12.80     
1982-07-31, 14.00     
1982-08-01, 17.10     
1982-08-02, 15.40     
1982-08-03, 15.50     
1982-08-04, 15.10     
1982-08-05, 16.90     
1982-08-06, 14.20     
1982-08-07, 15.90     
1982-08-08, 18.20     
1982-08-09, 19.50     
1982-08-10, 19.50     
1982-08-11, 19.80     
1982-08-12, 15.60     
1982-08-13, 14.10     
1982-08-14, 17.00     
1982-08-15, 14.30     
1982-08-16, 13.10     
1982-08-17, 13.70     
1982-08-18, 18.20     
1982-08-19, 19.80     
1982-08-20, 22.30     
1982-08-21, 17.80     
1982-08-22, 15.00     
1982-08-23, 22.60     
1982-08-24, 23.70     
1982-08-25, 15.80     
1982-08-26, 15.00     
1982-08-27, 23.50     
1982-08-28, 25.70     
1982-08-29, 26.50     
1982-08-30, 15.10     
1982-08-31, 13.90     
1982-09-01, 20.50     
1982-09-02, 21.40     
1982-09-03, 14.90     
1982-09-04, 15.00     
1982-09-05, 18.90     
1982-09-06, 11.70     
1982-09-07, 15.50     
1982-09-08, 17.70     
1982-09-09, 11.00     
1982-09-10, 14.90     
1982-09-11, 13.10     
1982-09-12, 13.70     
1982-09-13, 15.40     
1982-09-14, 15.60     
1982-09-15, 23.90     
1982-09-16, 23.70     
1982-09-17, 24.30     
1982-09-18, 15.90     
1982-09-19, 13.50     
1982-09-20, 15.30     
1982-09-21, 19.30     
1982-09-22, 20.50     
1982-09-23, 22.50     
1982-09-24, 23.20     
1982-09-25, 16.30     
1982-09-26, 14.80     
1982-09-27, 13.70     
1982-09-28, 18.40     
1982-09-29, 12.30     
1982-09-30, 13.30     
1982-10-01, 16.20     
1982-10-02, 25.60     
1982-10-03, 24.10     
1982-10-04, 13.80     
1982-10-05, 15.90     
1982-10-06, 21.20     
1982-10-07, 21.70     
1982-10-08, 15.60     
1982-10-09, 13.50     
1982-10-10, 15.00     
1982-10-11, 21.20     
1982-10-12, 25.40     
1982-10-13, 19.00     
1982-10-14, 15.00     
1982-10-15, 16.40     
1982-10-16, 15.60     
1982-10-17, 13.70     
1982-10-18, 22.00     
1982-10-19, 17.40     
1982-10-20, 15.10     
1982-10-21, 14.60     
1982-10-22, 16.90     
1982-10-23, 15.90     
1982-10-24, 21.30     
1982-10-25, 29.70     
1982-10-26, 33.00     
1982-10-27, 22.70     
1982-10-28, 21.60     
1982-10-29, 30.30     
1982-10-30, 19.00     
1982-10-31, 14.60     
1982-11-01, 15.90     
1982-11-02, 20.40     
1982-11-03, 29.30     
1982-11-04, 33.70     
1982-11-05, 35.20     
1982-11-06, 38.10     
1982-11-07, 24.50     
1982-11-08, 26.30     
1982-11-09, 25.00     
1982-11-10, 17.90     
1982-11-11, 18.10     
1982-11-12, 23.30     
1982-11-13, 31.20     
1982-11-14, 32.80     
1982-11-15, 28.00     
1982-11-16, 19.70     
1982-11-17, 22.10     
1982-11-18, 16.30     
1982-11-19, 20.10     
1982-11-20, 21.70     
1982-11-21, 19.60     
1982-11-22, 30.80     
1982-11-23, 36.80     
1982-11-24, 38.10     
1982-11-25, 17.60     
1982-11-26, 21.20     
1982-11-27, 17.20     
1982-11-28, 20.70     
1982-11-29, 26.10     
1982-11-30, 34.50     
1982-12-01, 18.60     
1982-12-02, 20.10     
1982-12-03, 22.40     
1982-12-04, 19.10     
1982-12-05, 19.20     
1982-12-06, 28.00     
1982-12-07, 17.90     
1982-12-08, 18.10     
1982-12-09, 16.00     
1982-12-10, 18.50     
1982-12-11, 20.60     
1982-12-12, 33.00     
1982-12-13, 35.20     
1982-12-14, 24.00     
1982-12-15, 26.00     
1982-12-16, 28.00     
1982-12-17, 23.00     
1982-12-18, 19.00     
1982-12-19, 19.10     
1982-12-20, 18.00     
1982-12-21, 19.40     
1982-12-22, 32.50     
1982-12-23, 32.60     
1982-12-24, 18.10     
1982-12-25, 19.70     
1982-12-26, 28.00     
1982-12-27, 28.00     
1982-12-28, 23.80     
1982-12-29, 31.40     
1982-12-30, 22.00     
1982-12-31, 35.80     
1983-01-01, 23.00     
1983-01-02, 18.90     
1983-01-03, 25.40     
1983-01-04, 28.00     
1983-01-05, 19.20     
1983-01-06, 21.50     
1983-01-07, 28.80     
1983-01-08, 37.30     
1983-01-09, 24.60     
1983-01-10, 21.30     
1983-01-11, 17.90     
1983-01-12, 17.50     
1983-01-13, 18.70     
1983-01-14, 18.10     
1983-01-15, 19.70     
1983-01-16, 22.10     
1983-01-17, 19.60     
1983-01-18, 18.00     
1983-01-19, 19.90     
1983-01-20, 28.50     
1983-01-21, 23.00     
1983-01-22, 37.00     
1983-01-23, 19.00     
1983-01-24, 19.40     
1983-01-25, 35.00     
1983-01-26, 27.70     
1983-01-27, 23.90     
1983-01-28, 25.60     
1983-01-29, 27.70     
1983-01-30, 24.30     
1983-01-31, 38.60     
1983-02-01, 41.20     
1983-02-02, 22.00     
1983-02-03, 22.50     
1983-02-04, 22.30     
1983-02-05, 25.50     
1983-02-06, 36.60     
1983-02-07, 35.70     
1983-02-08, 43.20     
1983-02-09, 28.00     
1983-02-10, 25.50     
1983-02-11, 21.60     
1983-02-12, 21.80     
1983-02-13, 23.30     
1983-02-14, 34.30     
1983-02-15, 31.20     
1983-02-16, 43.00     
1983-02-17, 20.20     
1983-02-18, 20.30     
1983-02-19, 22.20     
1983-02-20, 24.00     
1983-02-21, 34.40     
1983-02-22, 32.90     
1983-02-23, 21.60     
1983-02-24, 26.50     
1983-02-25, 33.20     
1983-02-26, 38.60     
1983-02-27, 24.40     
1983-02-28, 28.30     
1983-03-01, 35.20     
1983-03-02, 28.70     
1983-03-03, 35.60     
1983-03-04, 37.20     
1983-03-05, 25.50     
1983-03-06, 31.50     
1983-03-07, 30.20     
1983-03-08, 29.00     
1983-03-09, 21.40     
1983-03-10, 28.50     
1983-03-11, 32.10     
1983-03-12, 23.50     
1983-03-13, 20.00     
1983-03-14, 21.00     
1983-03-15, 20.00     
1983-03-16, 21.80     
1983-03-17, 24.30     
1983-03-18, 30.90     
1983-03-19, 21.60     
1983-03-20, 22.20     
1983-03-21, 20.20     
1983-03-22, 20.50     
1983-03-23, 17.60     
1983-03-24, 18.60     
1983-03-25, 17.70     
1983-03-26, 18.00     
1983-03-27, 18.60     
1983-03-28, 18.60     
1983-03-29, 25.90     
1983-03-30, 19.80     
1983-03-31, 18.70     
1983-04-01, 17.90     
1983-04-02, 17.30     
1983-04-03, 18.10     
1983-04-04, 14.60     
1983-04-05, 14.10     
1983-04-06, 15.70     
1983-04-07, 16.00     
1983-04-08, 21.60     
1983-04-09, 21.40     
1983-04-10, 23.80     
1983-04-11, 21.70     
1983-04-12, 16.60     
1983-04-13, 16.70     
1983-04-14, 18.10     
1983-04-15, 14.50     
1983-04-16, 14.70     
1983-04-17, 16.40     
1983-04-18, 16.50     
1983-04-19, 22.70     
1983-04-20, 23.80     
1983-04-21, 24.60     
1983-04-22, 23.60     
1983-04-23, 19.80     
1983-04-24, 19.80     
1983-04-25, 18.00     
1983-04-26, 17.60     
1983-04-27, 19.00     
1983-04-28, 17.50     
1983-04-29, 17.00     
1983-04-30, 19.90     
1983-05-01, 18.50     
1983-05-02, 18.70     
1983-05-03, 17.80     
1983-05-04, 17.00     
1983-05-05, 17.60     
1983-05-06, 18.70     
1983-05-07, 17.00     
1983-05-08, 18.80     
1983-05-09, 17.50     
1983-05-10, 19.50     
1983-05-11, 16.60     
1983-05-12, 19.10     
1983-05-13, 21.20     
1983-05-14, 20.20     
1983-05-15, 17.90     
1983-05-16, 14.30     
1983-05-17, 16.00     
1983-05-18, 17.70     
1983-05-19, 18.60     
1983-05-20, 19.10     
1983-05-21, 13.70     
1983-05-22, 17.50     
1983-05-23, 16.10     
1983-05-24, 15.20     
1983-05-25, 17.30     
1983-05-26, 14.90     
1983-05-27, 18.40     
1983-05-28, 17.20     
1983-05-29, 12.20     
1983-05-30, 13.90     
1983-05-31, 14.00     
1983-06-01, 15.30     
1983-06-02, 15.00     
1983-06-03, 15.10     
1983-06-04, 16.60     
1983-06-05, 16.50     
1983-06-06, 16.10     
1983-06-07, 13.50     
1983-06-08, 13.00     
1983-06-09, 13.60     
1983-06-10, 11.80     
1983-06-11, 14.50     
1983-06-12, 14.00     
1983-06-13, 14.10     
1983-06-14, 13.50     
1983-06-15, 12.10     
1983-06-16, 11.90     
1983-06-17, 11.90     
1983-06-18, 14.20     
1983-06-19, 14.00     
1983-06-20, 17.90     
1983-06-21, 19.10     
1983-06-22, 15.10     
1983-06-23, 13.80     
1983-06-24, 13.70     
1983-06-25, 10.00     
1983-06-26, 10.30     
1983-06-27, 10.40     
1983-06-28, 12.00     
1983-06-29, 8.50     
1983-06-30, 14.40     
1983-07-01, 13.10     
1983-07-02, 14.00     
1983-07-03, 11.80     
1983-07-04, 13.90     
1983-07-05, 12.90     
1983-07-06, 11.00     
1983-07-07, 11.80     
1983-07-08, 10.70     
1983-07-09, 11.20     
1983-07-10, 10.30     
1983-07-11, 12.20     
1983-07-12, 12.40     
1983-07-13, 14.70     
1983-07-14, 15.10     
1983-07-15, 15.00     
1983-07-16, 14.00     
1983-07-17, 15.20     
1983-07-18, 14.20     
1983-07-19, 8.70     
1983-07-20, 11.00     
1983-07-21, 14.20     
1983-07-22, 15.20     
1983-07-23, 12.20     
1983-07-24, 13.00     
1983-07-25, 14.70     
1983-07-26, 17.20     
1983-07-27, 13.70     
1983-07-28, 14.80     
1983-07-29, 13.80     
1983-07-30, 13.70     
1983-07-31, 13.10     
1983-08-01, 12.70     
1983-08-02, 12.30     
1983-08-03, 12.40     
1983-08-04, 13.00     
1983-08-05, 13.50     
1983-08-06, 13.50     
1983-08-07, 14.70     
1983-08-08, 13.40     
1983-08-09, 15.90     
1983-08-10, 16.00     
1983-08-11, 15.30     
1983-08-12, 15.50     
1983-08-13, 18.20     
1983-08-14, 18.60     
1983-08-15, 18.50     
1983-08-16, 19.20     
1983-08-17, 14.20     
1983-08-18, 12.80     
1983-08-19, 13.10     
1983-08-20, 15.40     
1983-08-21, 17.30     
1983-08-22, 14.50     
1983-08-23, 19.50     
1983-08-24, 20.20     
1983-08-25, 16.30     
1983-08-26, 13.00     
1983-08-27, 13.30     
1983-08-28, 13.30     
1983-08-29, 19.00     
1983-08-30, 16.80     
1983-08-31, 19.20     
1983-09-01, 18.50     
1983-09-02, 19.00     
1983-09-03, 17.40     
1983-09-04, 15.30     
1983-09-05, 15.80     
1983-09-06, 18.70     
1983-09-07, 17.80     
1983-09-08, 16.50     
1983-09-09, 15.30     
1983-09-10, 13.20     
1983-09-11, 12.00     
1983-09-12, 14.00     
1983-09-13, 9.50     
1983-09-14, 13.00     
1983-09-15, 17.60     
1983-09-16, 19.60     
1983-09-17, 17.20     
1983-09-18, 17.30     
1983-09-19, 17.00     
1983-09-20, 16.30     
1983-09-21, 17.30     
1983-09-22, 20.30     
1983-09-23, 16.90     
1983-09-24, 13.50     
1983-09-25, 13.30     
1983-09-26, 20.70     
1983-09-27, 19.80     
1983-09-28, 20.80     
1983-09-29, 19.80     
1983-09-30, 19.50     
1983-10-01, 23.40     
1983-10-02, 14.20     
1983-10-03, 14.20     
1983-10-04, 16.60     
1983-10-05, 17.00     
1983-10-06, 15.60     
1983-10-07, 14.80     
1983-10-08, 17.20     
1983-10-09, 20.20     
1983-10-10, 16.70     
1983-10-11, 18.20     
1983-10-12, 18.10     
1983-10-13, 22.50     
1983-10-14, 23.40     
1983-10-15, 15.30     
1983-10-16, 13.70     
1983-10-17, 15.60     
1983-10-18, 18.90     
1983-10-19, 15.10     
1983-10-20, 16.60     
1983-10-21, 17.70     
1983-10-22, 23.00     
1983-10-23, 16.80     
1983-10-24, 21.30     
1983-10-25, 17.90     
1983-10-26, 23.60     
1983-10-27, 25.30     
1983-10-28, 14.50     
1983-10-29, 16.90     
1983-10-30, 16.30     
1983-10-31, 17.70     
1983-11-01, 18.00     
1983-11-02, 21.70     
1983-11-03, 22.30     
1983-11-04, 15.50     
1983-11-05, 16.70     
1983-11-06, 24.30     
1983-11-07, 23.50     
1983-11-08, 27.70     
1983-11-09, 18.00     
1983-11-10, 15.60     
1983-11-11, 19.00     
1983-11-12, 19.50     
1983-11-13, 20.10     
1983-11-14, 31.30     
1983-11-15, 15.60     
1983-11-16, 12.80     
1983-11-17, 13.80     
1983-11-18, 15.80     
1983-11-19, 16.40     
1983-11-20, 17.60     
1983-11-21, 28.20     
1983-11-22, 25.50     
1983-11-23, 22.70     
1983-11-24, 28.00     
1983-11-25, 17.00     
1983-11-26, 22.60     
1983-11-27, 24.50     
1983-11-28, 25.60     
1983-11-29, 27.50     
1983-11-30, 18.50     
1983-12-01, 18.20     
1983-12-02, 18.80     
1983-12-03, 17.80     
1983-12-04, 18.90     
1983-12-05, 24.00     
1983-12-06, 20.90     
1983-12-07, 16.80     
1983-12-08, 18.50     
1983-12-09, 20.60     
1983-12-10, 24.90     
1983-12-11, 28.10     
1983-12-12, 25.70     
1983-12-13, 19.20     
1983-12-14, 32.70     
1983-12-15, 21.30     
1983-12-16, 20.40     
1983-12-17, 20.50     
1983-12-18, 22.80     
1983-12-19, 35.30     
1983-12-20, 38.70     
1983-12-21, 21.40     
1983-12-22, 23.30     
1983-12-23, 22.00     
1983-12-24, 31.70     
1983-12-25, 23.40     
1983-12-26, 19.10     
1983-12-27, 19.50     
1983-12-28, 30.00     
1983-12-29, 32.40     
1983-12-30, 33.60     
1983-12-31, 30.00     
1984-01-01, 27.70     
1984-01-02, 28.10     
1984-01-03, 23.70     
1984-01-04, 20.60     
1984-01-05, 32.30     
1984-01-06, 31.20     
1984-01-07, 21.50     
1984-01-08, 23.00     
1984-01-09, 21.90     
1984-01-10, 23.00     
1984-01-11, 21.60     
1984-01-12, 27.20     
1984-01-13, 29.20     
1984-01-14, 32.00     
1984-01-15, 22.50     
1984-01-16, 23.90     
1984-01-17, 19.70     
1984-01-18, 19.50     
1984-01-19, 22.00     
1984-01-20, 22.10     
1984-01-21, 19.70     
1984-01-22, 19.40     
1984-01-23, 30.50     
1984-01-24, 28.50     
1984-01-25, 20.20     
1984-01-26, 19.00     
1984-01-27, 20.20     
1984-01-28, 22.60     
1984-01-29, 28.40     
1984-01-30, 18.60     
1984-01-31, 20.30     
1984-02-01, 19.00     
1984-02-02, 26.20     
1984-02-03, 30.00     
1984-02-04, 24.20     
1984-02-05, 23.40     
1984-02-06, 34.70     
1984-02-07, 20.40     
1984-02-08, 20.70     
1984-02-09, 20.00     
1984-02-10, 19.50     
1984-02-11, 31.60     
1984-02-12, 33.70     
1984-02-13, 23.50     
1984-02-14, 24.60     
1984-02-15, 33.90     
1984-02-16, 22.40     
1984-02-17, 24.30     
1984-02-18, 29.50     
1984-02-19, 31.70     
1984-02-20, 32.90     
1984-02-21, 20.50     
1984-02-22, 28.50     
1984-02-23, 27.30     
1984-02-24, 19.50     
1984-02-25, 21.40     
1984-02-26, 33.20     
1984-02-27, 35.00     
1984-02-28, 18.10     
1984-02-29, 17.20     
1984-03-01, 18.10     
1984-03-02, 19.50     
1984-03-03, 21.50     
1984-03-04, 29.20     
1984-03-05, 33.80     
1984-03-06, 20.80     
1984-03-07, 17.50     
1984-03-08, 21.00     
1984-03-09, 27.40     
1984-03-10, 21.20     
1984-03-11, 27.10     
1984-03-12, 22.80     
1984-03-13, 18.70     
1984-03-14, 19.00     
1984-03-15, 19.70     
1984-03-16, 28.70     
1984-03-17, 25.50     
1984-03-18, 18.40     
1984-03-19, 18.50     
1984-03-20, 23.60     
1984-03-21, 26.90     
1984-03-22, 28.00     
1984-03-23, 24.70     
1984-03-24, 21.50     
1984-03-25, 17.50     
1984-03-26, 16.10     
1984-03-27, 18.70     
1984-03-28, 24.50     
1984-03-29, 27.60     
1984-03-30, 17.40     
1984-03-31, 18.20     
1984-04-01, 19.70     
1984-04-02, 18.50     
1984-04-03, 17.70     
1984-04-04, 20.70     
1984-04-05, 21.20     
1984-04-06, 17.20     
1984-04-07, 21.50     
1984-04-08, 22.00     
1984-04-09, 23.20     
1984-04-10, 25.40     
1984-04-11, 24.60     
1984-04-12, 24.80     
1984-04-13, 25.00     
1984-04-14, 25.00     
1984-04-15, 18.20     
1984-04-16, 21.50     
1984-04-17, 16.20     
1984-04-18, 17.30     
1984-04-19, 15.50     
1984-04-20, 16.40     
1984-04-21, 19.60     
1984-04-22, 18.50     
1984-04-23, 16.50     
1984-04-24, 16.00     
1984-04-25, 17.70     
1984-04-26, 19.20     
1984-04-27, 16.80     
1984-04-28, 16.50     
1984-04-29, 22.50     
1984-04-30, 22.70     
1984-05-01, 23.50     
1984-05-02, 19.00     
1984-05-03, 15.50     
1984-05-04, 13.50     
1984-05-05, 14.00     
1984-05-06, 14.70     
1984-05-07, 15.60     
1984-05-08, 17.00     
1984-05-09, 18.00     
1984-05-10, 19.60     
1984-05-11, 17.10     
1984-05-12, 16.70     
1984-05-13, 16.90     
1984-05-14, 18.20     
1984-05-15, 19.40     
1984-05-16, 22.00     
1984-05-17, 21.70     
1984-05-18, 22.00     
1984-05-19, 22.20     
1984-05-20, 20.00     
1984-05-21, 16.50     
1984-05-22, 15.60     
1984-05-23, 15.00     
1984-05-24, 16.60     
1984-05-25, 18.70     
1984-05-26, 18.70     
1984-05-27, 18.10     
1984-05-28, 15.60     
1984-05-29, 20.10     
1984-05-30, 20.30     
1984-05-31, 15.20     
1984-06-01, 17.10     
1984-06-02, 16.30     
1984-06-03, 18.30     
1984-06-04, 18.30     
1984-06-05, 19.00     
1984-06-06, 20.00     
1984-06-07, 15.70     
1984-06-08, 14.90     
1984-06-09, 13.10     
1984-06-10, 13.60     
1984-06-11, 13.80     
1984-06-12, 15.00     
1984-06-13, 16.90     
1984-06-14, 18.30     
1984-06-15, 16.40     
1984-06-16, 14.00     
1984-06-17, 12.50     
1984-06-18, 12.80     
1984-06-19, 12.20     
1984-06-20, 14.20     
1984-06-21, 14.20     
1984-06-22, 15.50     
1984-06-23, 15.10     
1984-06-24, 14.40     
1984-06-25, 12.90     
1984-06-26, 10.80     
1984-06-27, 11.70     
1984-06-28, 13.30     
1984-06-29, 12.40     
1984-06-30, 13.40     
1984-07-01, 10.60     
1984-07-02, 7.00     
1984-07-03, 12.60     
1984-07-04, 13.20     
1984-07-05, 12.10     
1984-07-06, 10.30     
1984-07-07, 15.70     
1984-07-08, 11.70     
1984-07-09, 15.10     
1984-07-10, 15.80     
1984-07-11, 15.00     
1984-07-12, 11.60     
1984-07-13, 11.40     
1984-07-14, 10.00     
1984-07-15, 14.70     
1984-07-16, 13.60     
1984-07-17, 13.20     
1984-07-18, 11.00     
1984-07-19, 13.00     
1984-07-20, 12.00     
1984-07-21, 10.60     
1984-07-22, 13.30     
1984-07-23, 14.50     
1984-07-24, 13.50     
1984-07-25, 15.90     
1984-07-26, 12.80     
1984-07-27, 11.70     
1984-07-28, 13.00     
1984-07-29, 14.00     
1984-07-30, 16.00     
1984-07-31, 17.00     
1984-08-01, 16.30     
1984-08-02, 17.60     
1984-08-03, 19.50     
1984-08-04, 14.00     
1984-08-05, 17.50     
1984-08-06, 19.20     
1984-08-07, 18.50     
1984-08-08, 15.10     
1984-08-09, 15.40     
1984-08-10, 13.30     
1984-08-11, 13.10     
1984-08-12, 12.80     
1984-08-13, 12.00     
1984-08-14, 13.30     
1984-08-15, 12.90     
1984-08-16, 15.40     
1984-08-17, 13.40     
1984-08-18, 15.10     
1984-08-19, 14.70     
1984-08-20, 14.90     
1984-08-21, 16.80     
1984-08-22, 15.80     
1984-08-23, 17.00     
1984-08-24, 14.10     
1984-08-25, 16.50     
1984-08-26, 12.40     
1984-08-27, 12.70     
1984-08-28, 14.60     
1984-08-29, 17.60     
1984-08-30, 19.60     
1984-08-31, 17.30     
1984-09-01, 17.90     
1984-09-02, 17.80     
1984-09-03, 13.00     
1984-09-04, 13.20     
1984-09-05, 17.10     
1984-09-06, 19.60     
1984-09-07, 16.30     
1984-09-08, 16.90     
1984-09-09, 22.20     
1984-09-10, 12.00     
1984-09-11, 14.20     
1984-09-12, 16.80     
1984-09-13, 16.90     
1984-09-14, 22.00     
1984-09-15, 16.40     
1984-09-16, 14.20     
1984-09-17, 11.80     
1984-09-18, 15.20     
1984-09-19, 12.60     
1984-09-20, 13.20     
1984-09-21, 14.40     
1984-09-22, 15.00     
1984-09-23, 16.50     
1984-09-24, 13.30     
1984-09-25, 14.50     
1984-09-26, 16.70     
1984-09-27, 13.80     
1984-09-28, 12.40     
1984-09-29, 13.70     
1984-09-30, 19.90     
1984-10-01, 24.00     
1984-10-02, 18.70     
1984-10-03, 18.90     
1984-10-04, 20.20     
1984-10-05, 19.90     
1984-10-06, 24.00     
1984-10-07, 27.30     
1984-10-08, 24.20     
1984-10-09, 18.00     
1984-10-10, 21.30     
1984-10-11, 26.60     
1984-10-12, 18.50     
1984-10-13, 18.20     
1984-10-14, 21.00     
1984-10-15, 12.00     
1984-10-16, 12.20     
1984-10-17, 14.10     
1984-10-18, 16.50     
1984-10-19, 15.50     
1984-10-20, 15.00     
1984-10-21, 20.80     
1984-10-22, 27.30     
1984-10-23, 28.40     
1984-10-24, 18.90     
1984-10-25, 18.20     
1984-10-26, 25.50     
1984-10-27, 15.90     
1984-10-28, 15.50     
1984-10-29, 21.40     
1984-10-30, 23.20     
1984-10-31, 26.80     
1984-11-01, 23.90     
1984-11-02, 19.10     
1984-11-03, 15.20     
1984-11-04, 14.90     
1984-11-05, 21.30     
1984-11-06, 25.40     
1984-11-07, 28.70     
1984-11-08, 32.30     
1984-11-09, 25.70     
1984-11-10, 19.00     
1984-11-11, 19.40     
1984-11-12, 15.00     
1984-11-13, 16.50     
1984-11-14, 16.30     
1984-11-15, 28.90     
1984-11-16, 27.40     
1984-11-17, 32.90     
1984-11-18, 27.00     
1984-11-19, 23.70     
1984-11-20, 22.80     
1984-11-21, 16.50     
1984-11-22, 14.00     
1984-11-23, 18.00     
1984-11-24, 28.20     
1984-11-25, 32.80     
1984-11-26, 28.00     
1984-11-27, 22.20     
1984-11-28, 21.80     
1984-11-29, 18.70     
1984-11-30, 25.50     
1984-12-01, 27.60     
1984-12-02, 16.50     
1984-12-03, 15.90     
1984-12-04, 16.80     
1984-12-05, 17.90     
1984-12-06, 23.10     
1984-12-07, 22.80     
1984-12-08, 24.20     
1984-12-09, 27.70     
1984-12-10, 21.30     
1984-12-11, 23.50     
1984-12-12, 17.90     
1984-12-13, 24.20     
1984-12-14, 20.00     
1984-12-15, 23.70     
1984-12-16, 27.00     
1984-12-17, 24.60     
1984-12-18, 25.00     
1984-12-19, 20.00     
1984-12-20, 22.70     
1984-12-21, 22.60     
1984-12-22, 29.20     
1984-12-23, 27.80     
1984-12-24, 26.50     
1984-12-25, 18.90     
1984-12-26, 23.20     
1984-12-27, 24.20     
1984-12-28, 28.10     
1984-12-29, 30.30     
1984-12-30, 25.60     
1985-01-01, 20.70     
1985-01-02, 19.60     
1985-01-03, 21.70     
1985-01-04, 28.00     
1985-01-05, 21.30     
1985-01-06, 21.40     
1985-01-07, 21.40     
1985-01-08, 22.60     
1985-01-09, 21.70     
1985-01-10, 21.80     
1985-01-11, 19.80     
1985-01-12, 30.40     
1985-01-13, 36.00     
1985-01-14, 42.20     
1985-01-15, 21.10     
1985-01-16, 20.00     
1985-01-17, 18.40     
1985-01-18, 19.10     
1985-01-19, 19.30     
1985-01-20, 18.80     
1985-01-21, 22.80     
1985-01-22, 20.00     
1985-01-23, 21.90     
1985-01-24, 20.10     
1985-01-25, 23.20     
1985-01-26, 34.50     
1985-01-27, 22.10     
1985-01-28, 21.60     
1985-01-29, 30.00     
1985-01-30, 34.00     
1985-01-31, 22.20     
1985-02-01, 19.60     
1985-02-02, 25.40     
1985-02-03, 37.10     
1985-02-04, 30.20     
1985-02-05, 29.10     
1985-02-06, 21.10     
1985-02-07, 19.10     
1985-02-08, 22.20     
1985-02-09, 24.40     
1985-02-10, 20.30     
1985-02-11, 28.00     
1985-02-12, 32.20     
1985-02-13, 23.40     
1985-02-14, 21.40     
1985-02-15, 33.50     
1985-02-16, 18.60     
1985-02-17, 19.20     
1985-02-18, 21.10     
1985-02-19, 29.50     
1985-02-20, 25.70     
1985-02-21, 32.40     
1985-02-22, 28.50     
1985-02-23, 20.60     
1985-02-24, 25.20     
1985-02-25, 20.80     
1985-02-26, 17.50     
1985-02-27, 20.10     
1985-02-28, 22.40     
1985-03-01, 24.00     
1985-03-02, 21.00     
1985-03-03, 26.80     
1985-03-04, 17.70     
1985-03-05, 19.20     
1985-03-06, 19.10     
1985-03-07, 26.40     
1985-03-08, 29.70     
1985-03-09, 30.20     
1985-03-10, 33.00     
1985-03-11, 33.30     
1985-03-12, 33.00     
1985-03-13, 36.10     
1985-03-14, 34.00     
1985-03-15, 34.70     
1985-03-16, 20.40     
1985-03-17, 19.40     
1985-03-18, 21.30     
1985-03-19, 26.80     
1985-03-20, 28.50     
1985-03-21, 25.60     
1985-03-22, 28.60     
1985-03-23, 32.50     
1985-03-24, 18.70     
1985-03-25, 23.20     
1985-03-26, 23.70     
1985-03-27, 27.20     
1985-03-28, 23.50     
1985-03-29, 19.00     
1985-03-30, 22.60     
1985-03-31, 30.10     
1985-04-01, 23.30     
1985-04-02, 19.70     
1985-04-03, 22.30     
1985-04-04, 21.60     
1985-04-05, 23.50     
1985-04-06, 22.60     
1985-04-07, 24.00     
1985-04-08, 22.90     
1985-04-09, 22.40     
1985-04-10, 28.80     
1985-04-11, 30.00     
1985-04-12, 32.40     
1985-04-13, 33.80     
1985-04-14, 26.80     
1985-04-15, 18.60     
1985-04-16, 17.00     
1985-04-17, 15.30     
1985-04-18, 15.30     
1985-04-19, 16.80     
1985-04-20, 16.00     
1985-04-21, 16.60     
1985-04-22, 17.20     
1985-04-23, 21.50     
1985-04-24, 19.70     
1985-04-25, 19.80     
1985-04-26, 21.20     
1985-04-27, 23.70     
1985-04-28, 23.90     
1985-04-29, 25.60     
1985-04-30, 24.70     
1985-05-01, 20.20     
1985-05-02, 23.50     
1985-05-03, 22.20     
1985-05-04, 24.50     
1985-05-05, 25.50     
1985-05-06, 18.80     
1985-05-07, 18.00     
1985-05-08, 14.90     
1985-05-09, 18.30     
1985-05-10, 19.20     
1985-05-11, 18.90     
1985-05-12, 19.20     
1985-05-13, 21.50     
1985-05-14, 18.00     
1985-05-15, 13.10     
1985-05-16, 14.90     
1985-05-17, 15.20     
1985-05-18, 13.50     
1985-05-19, 15.20     
1985-05-20, 14.20     
1985-05-21, 14.60     
1985-05-22, 16.00     
1985-05-23, 15.10     
1985-05-24, 15.60     
1985-05-25, 17.50     
1985-05-26, 18.80     
1985-05-27, 20.40     
1985-05-28, 20.30     
1985-05-29, 19.10     
1985-05-30, 14.90     
1985-05-31, 14.60     
1985-06-01, 13.70     
1985-06-02, 13.00     
1985-06-03, 13.40     
1985-06-04, 12.70     
1985-06-05, 14.20     
1985-06-06, 13.70     
1985-06-07, 12.70     
1985-06-08, 14.10     
1985-06-09, 12.80     
1985-06-10, 17.10     
1985-06-11, 14.00     
1985-06-12, 14.50     
1985-06-13, 15.70     
1985-06-14, 14.10     
1985-06-15, 13.70     
1985-06-16, 13.30     
1985-06-17, 13.40     
1985-06-18, 11.90     
1985-06-19, 13.60     
1985-06-20, 13.30     
1985-06-21, 12.20     
1985-06-22, 10.80     
1985-06-23, 13.00     
1985-06-24, 14.10     
1985-06-25, 14.40     
1985-06-26, 13.30     
1985-06-27, 15.70     
1985-06-28, 15.60     
1985-06-29, 19.30     
1985-06-30, 16.30     
1985-07-01, 19.40     
1985-07-02, 17.70     
1985-07-03, 16.90     
1985-07-04, 14.40     
1985-07-05, 14.30     
1985-07-06, 13.00     
1985-07-07, 12.30     
1985-07-08, 12.80     
1985-07-09, 12.70     
1985-07-10, 10.80     
1985-07-11, 14.60     
1985-07-12, 13.30     
1985-07-13, 12.70     
1985-07-14, 12.90     
1985-07-15, 15.70     
1985-07-16, 11.40     
1985-07-17, 12.00     
1985-07-18, 12.20     
1985-07-19, 11.80     
1985-07-20, 13.10     
1985-07-21, 15.50     
1985-07-22, 11.30     
1985-07-23, 12.00     
1985-07-24, 12.80     
1985-07-25, 11.60     
1985-07-26, 12.40     
1985-07-27, 12.60     
1985-07-28, 17.40     
1985-07-29, 13.40     
1985-07-30, 11.30     
1985-07-31, 12.10     
1985-08-01, 12.70     
1985-08-02, 12.50     
1985-08-03, 13.20     
1985-08-04, 17.10     
1985-08-05, 15.90     
1985-08-06, 15.00     
1985-08-07, 13.20     
1985-08-08, 12.60     
1985-08-09, 11.80     
1985-08-10, 12.00     
1985-08-11, 14.00     
1985-08-12, 13.70     
1985-08-13, 16.10     
1985-08-14, 19.80     
1985-08-15, 15.70     
1985-08-16, 13.20     
1985-08-17, 13.60     
1985-08-18, 13.50     
1985-08-19, 11.70     
1985-08-20, 11.40     
1985-08-21, 15.40     
1985-08-22, 17.40     
1985-08-23, 15.30     
1985-08-24, 16.70     
1985-08-25, 16.50     
1985-08-26, 15.30     
1985-08-27, 18.80     
1985-08-28, 15.30     
1985-08-29, 15.60     
1985-08-30, 18.70     
1985-08-31, 17.40     
1985-09-01, 12.60     
1985-09-02, 12.90     
1985-09-03, 13.50     
1985-09-04, 13.60     
1985-09-05, 13.70     
1985-09-06, 15.10     
1985-09-07, 14.30     
1985-09-08, 21.30     
1985-09-09, 21.50     
1985-09-10, 23.20     
1985-09-11, 15.30     
1985-09-12, 19.10     
1985-09-13, 15.30     
1985-09-14, 14.80     
1985-09-15, 15.60     
1985-09-16, 14.60     
1985-09-17, 14.70     
1985-09-18, 13.70     
1985-09-19, 13.60     
1985-09-20, 13.50     
1985-09-21, 14.60     
1985-09-22, 15.60     
1985-09-23, 20.70     
1985-09-24, 25.10     
1985-09-25, 19.70     
1985-09-26, 12.50     
1985-09-27, 14.10     
1985-09-28, 13.30     
1985-09-29, 14.70     
1985-09-30, 20.50     
1985-10-01, 21.80     
1985-10-02, 16.20     
1985-10-03, 25.80     
1985-10-04, 26.60     
1985-10-05, 19.40     
1985-10-06, 21.10     
1985-10-07, 20.20     
1985-10-08, 20.90     
1985-10-09, 18.10     
1985-10-10, 26.30     
1985-10-11, 19.20     
1985-10-12, 16.10     
1985-10-13, 17.90     
1985-10-14, 21.10     
1985-10-15, 25.70     
1985-10-16, 23.70     
1985-10-17, 19.70     
1985-10-18, 16.80     
1985-10-19, 14.30     
1985-10-20, 14.20     
1985-10-21, 20.50     
1985-10-22, 22.20     
1985-10-23, 15.40     
1985-10-24, 17.20     
1985-10-25, 18.00     
1985-10-26, 20.50     
1985-10-27, 23.80     
1985-10-28, 24.10     
1985-10-29, 25.80     
1985-10-30, 19.40     
1985-10-31, 18.30     
1985-11-01, 22.30     
1985-11-02, 17.40     
1985-11-03, 20.20     
1985-11-04, 27.50     
1985-11-05, 23.90     
1985-11-06, 22.80     
1985-11-07, 22.70     
1985-11-08, 21.50     
1985-11-09, 21.90     
1985-11-10, 30.30     
1985-11-11, 17.70     
1985-11-12, 26.80     
1985-11-13, 28.30     
1985-11-14, 24.20     
1985-11-15, 18.20     
1985-11-16, 21.80     
1985-11-17, 17.80     
1985-11-18, 16.10     
1985-11-19, 18.70     
1985-11-20, 17.10     
1985-11-21, 15.70     
1985-11-22, 20.80     
1985-11-23, 26.20     
1985-11-24, 26.20     
1985-11-25, 21.30     
1985-11-26, 20.50     
1985-11-27, 20.70     
1985-11-28, 19.90     
1985-11-29, 19.10     
1985-11-30, 21.70     
1985-12-01, 25.60     
1985-12-02, 23.40     
1985-12-03, 26.60     
1985-12-04, 23.50     
1985-12-05, 25.00     
1985-12-06, 25.80     
1985-12-07, 28.10     
1985-12-08, 27.80     
1985-12-09, 23.20     
1985-12-10, 21.00     
1985-12-11, 21.10     
1985-12-12, 18.30     
1985-12-13, 19.60     
1985-12-14, 22.20     
1985-12-15, 30.60     
1985-12-16, 23.10     
1985-12-17, 18.40     
1985-12-18, 22.40     
1985-12-19, 30.90     
1985-12-20, 25.20     
1985-12-21, 21.40     
1985-12-22, 20.40     
1985-12-23, 18.70     
1985-12-24, 22.00     
1985-12-25, 26.60     
1985-12-26, 20.40     
1985-12-27, 18.50     
1985-12-28, 22.50     
1985-12-29, 32.70     
1985-12-30, 27.80     
1985-12-31, 19.00     
1986-01-01, 21.00     
1986-01-02, 18.50     
1986-01-03, 22.20     
1986-01-04, 23.30     
1986-01-05, 19.80     
1986-01-06, 24.70     
1986-01-07, 32.40     
1986-01-08, 20.00     
1986-01-09, 18.20     
1986-01-10, 20.40     
1986-01-11, 25.50     
1986-01-12, 24.40     
1986-01-13, 21.50     
1986-01-14, 32.40     
1986-01-15, 27.20     
1986-01-16, 19.10     
1986-01-17, 19.70     
1986-01-18, 21.30     
1986-01-19, 20.30     
1986-01-20, 21.00     
1986-01-21, 22.60     
1986-01-22, 21.50     
1986-01-23, 24.20     
1986-01-24, 25.00     
1986-01-25, 20.60     
1986-01-26, 19.60     
1986-01-27, 20.00     
1986-01-28, 29.50     
1986-01-29, 35.50     
1986-01-30, 21.10     
1986-01-31, 23.70     
1986-02-01, 33.70     
1986-02-02, 21.80     
1986-02-03, 21.20     
1986-02-04, 23.70     
1986-02-05, 26.40     
1986-02-06, 21.80     
1986-02-07, 31.10     
1986-02-08, 38.30     
1986-02-09, 22.70     
1986-02-10, 21.50     
1986-02-11, 20.80     
1986-02-12, 30.00     
1986-02-13, 34.50     
1986-02-14, 36.50     
1986-02-15, 28.90     
1986-02-16, 27.20     
1986-02-17, 25.50     
1986-02-18, 22.30     
1986-02-19, 21.80     
1986-02-20, 22.40     
1986-02-21, 19.70     
1986-02-22, 19.40     
1986-02-23, 18.50     
1986-02-24, 24.00     
1986-02-25, 25.80     
1986-02-26, 25.50     
1986-02-27, 26.60     
1986-02-28, 34.50     
1986-03-01, 21.10     
1986-03-02, 20.40     
1986-03-03, 24.90     
1986-03-04, 21.90     
1986-03-05, 25.50     
1986-03-06, 38.00     
1986-03-07, 36.40     
1986-03-08, 19.00     
1986-03-09, 18.40     
1986-03-10, 17.70     
1986-03-11, 21.30     
1986-03-12, 25.70     
1986-03-13, 30.50     
1986-03-14, 32.60     
1986-03-15, 23.00     
1986-03-16, 20.50     
1986-03-17, 21.80     
1986-03-18, 26.40     
1986-03-19, 25.80     
1986-03-20, 36.70     
1986-03-21, 27.20     
1986-03-22, 27.70     
1986-03-23, 20.40     
1986-03-24, 18.80     
1986-03-25, 22.60     
1986-03-26, 32.70     
1986-03-27, 22.80     
1986-03-28, 24.40     
1986-03-29, 32.60     
1986-03-30, 29.10     
1986-03-31, 18.30     
1986-04-01, 19.60     
1986-04-02, 28.60     
1986-04-03, 26.80     
1986-04-04, 30.70     
1986-04-05, 16.80     
1986-04-06, 16.10     
1986-04-07, 18.20     
1986-04-08, 19.30     
1986-04-09, 19.80     
1986-04-10, 26.80     
1986-04-11, 17.50     
1986-04-12, 18.20     
1986-04-13, 24.90     
1986-04-14, 27.30     
1986-04-15, 24.80     
1986-04-16, 18.00     
1986-04-17, 16.80     
1986-04-18, 14.60     
1986-04-19, 18.70     
1986-04-20, 18.80     
1986-04-21, 19.50     
1986-04-22, 21.10     
1986-04-23, 20.00     
1986-04-24, 18.50     
1986-04-25, 17.00     
1986-04-26, 16.20     
1986-04-27, 16.70     
1986-04-28, 14.90     
1986-04-29, 15.50     
1986-04-30, 15.30     
1986-05-01, 15.70     
1986-05-02, 17.30     
1986-05-03, 17.10     
1986-05-04, 16.20     
1986-05-05, 15.40     
1986-05-06, 15.00     
1986-05-07, 19.00     
1986-05-08, 19.70     
1986-05-09, 19.70     
1986-05-10, 15.10     
1986-05-11, 16.40     
1986-05-12, 21.70     
1986-05-13, 19.50     
1986-05-14, 17.20     
1986-05-15, 16.40     
1986-05-16, 18.00     
1986-05-17, 19.50     
1986-05-18, 16.20     
1986-05-19, 16.00     
1986-05-20, 14.40     
1986-05-21, 15.40     
1986-05-22, 18.20     
1986-05-23, 13.80     
1986-05-24, 16.10     
1986-05-25, 13.70     
1986-05-26, 16.80     
1986-05-27, 15.90     
1986-05-28, 16.70     
1986-05-29, 14.60     
1986-05-30, 15.20     
1986-05-31, 14.00     
1986-06-01, 14.10     
1986-06-02, 16.00     
1986-06-03, 16.70     
1986-06-04, 15.20     
1986-06-05, 13.30     
1986-06-06, 14.00     
1986-06-07, 15.90     
1986-06-08, 14.50     
1986-06-09, 14.20     
1986-06-10, 13.00     
1986-06-11, 13.70     
1986-06-12, 14.70     
1986-06-13, 14.60     
1986-06-14, 13.90     
1986-06-15, 14.20     
1986-06-16, 16.80     
1986-06-17, 14.70     
1986-06-18, 12.10     
1986-06-19, 10.20     
1986-06-20, 10.80     
1986-06-21, 11.90     
1986-06-22, 11.80     
1986-06-23, 12.00     
1986-06-24, 12.70     
1986-06-25, 13.60     
1986-06-26, 13.00     
1986-06-27, 13.10     
1986-06-28, 11.10     
1986-06-29, 12.80     
1986-06-30, 13.30     
1986-07-01, 11.70     
1986-07-02, 14.30     
1986-07-03, 15.40     
1986-07-04, 14.20     
1986-07-05, 13.00     
1986-07-06, 13.10     
1986-07-07, 12.40     
1986-07-08, 11.20     
1986-07-09, 9.20     
1986-07-10, 12.40     
1986-07-11, 12.70     
1986-07-12, 13.70     
1986-07-13, 12.70     
1986-07-14, 15.00     
1986-07-15, 16.40     
1986-07-16, 14.00     
1986-07-17, 13.20     
1986-07-18, 13.60     
1986-07-19, 15.40     
1986-07-20, 13.80     
1986-07-21, 15.00     
1986-07-22, 14.50     
1986-07-23, 14.80     
1986-07-24, 14.00     
1986-07-25, 8.20     
1986-07-26, 10.00     
1986-07-27, 11.20     
1986-07-28, 13.30     
1986-07-29, 13.70     
1986-07-30, 15.00     
1986-07-31, 12.50     
1986-08-01, 15.30     
1986-08-02, 16.40     
1986-08-03, 17.60     
1986-08-04, 15.00     
1986-08-05, 14.80     
1986-08-06, 13.80     
1986-08-07, 14.80     
1986-08-08, 16.60     
1986-08-09, 17.30     
1986-08-10, 12.20     
1986-08-11, 12.10     
1986-08-12, 13.90     
1986-08-13, 16.80     
1986-08-14, 16.80     
1986-08-15, 14.50     
1986-08-16, 15.10     
1986-08-17, 13.80     
1986-08-18, 13.00     
1986-08-19, 14.50     
1986-08-20, 18.00     
1986-08-21, 20.20     
1986-08-22, 21.00     
1986-08-23, 16.50     
1986-08-24, 12.20     
1986-08-25, 15.00     
1986-08-26, 15.70     
1986-08-27, 17.70     
1986-08-28, 18.90     
1986-08-29, 14.90     
1986-08-30, 11.40     
1986-08-31, 15.40     
1986-09-01, 15.20     
1986-09-02, 17.60     
1986-09-03, 17.20     
1986-09-04, 21.60     
1986-09-05, 18.70     
1986-09-06, 13.90     
1986-09-07, 13.30     
1986-09-08, 14.60     
1986-09-09, 16.50     
1986-09-10, 17.70     
1986-09-11, 13.60     
1986-09-12, 15.20     
1986-09-13, 15.50     
1986-09-14, 16.50     
1986-09-15, 18.80     
1986-09-16, 13.60     
1986-09-17, 14.00     
1986-09-18, 13.80     
1986-09-19, 16.00     
1986-09-20, 19.30     
1986-09-21, 16.90     
1986-09-22, 14.30     
1986-09-23, 16.70     
1986-09-24, 21.30     
1986-09-25, 19.40     
1986-09-26, 18.70     
1986-09-27, 14.70     
1986-09-28, 16.20     
1986-09-29, 15.50     
1986-09-30, 23.40     
1986-10-01, 22.00     
1986-10-02, 16.70     
1986-10-03, 14.40     
1986-10-04, 16.40     
1986-10-05, 19.60     
1986-10-06, 18.30     
1986-10-07, 14.40     
1986-10-08, 14.80     
1986-10-09, 17.10     
1986-10-10, 15.20     
1986-10-11, 19.50     
1986-10-12, 21.10     
1986-10-13, 21.70     
1986-10-14, 14.60     
1986-10-15, 18.20     
1986-10-16, 17.80     
1986-10-17, 23.50     
1986-10-18, 20.80     
1986-10-19, 15.70     
1986-10-20, 16.10     
1986-10-21, 21.00     
1986-10-22, 15.00     
1986-10-23, 16.00     
1986-10-24, 16.00     
1986-10-25, 14.80     
1986-10-26, 14.60     
1986-10-27, 16.10     
1986-10-28, 21.60     
1986-10-29, 23.80     
1986-10-30, 27.00     
1986-10-31, 20.70     
1986-11-01, 19.70     
1986-11-02, 20.00     
1986-11-03, 28.80     
1986-11-04, 30.00     
1986-11-05, 33.10     
1986-11-06, 18.90     
1986-11-07, 16.30     
1986-11-08, 19.00     
1986-11-09, 18.30     
1986-11-10, 21.20     
1986-11-11, 16.50     
1986-11-12, 16.70     
1986-11-13, 19.50     
1986-11-14, 29.10     
1986-11-15, 19.70     
1986-11-16, 22.60     
1986-11-17, 20.70     
1986-11-18, 14.00     
1986-11-19, 15.50     
1986-11-20, 14.80     
1986-11-21, 19.20     
1986-11-22, 27.40     
1986-11-23, 18.50     
1986-11-24, 18.50     
1986-11-25, 31.50     
1986-11-26, 16.70     
1986-11-27, 15.70     
1986-11-28, 16.70     
1986-11-29, 22.00     
1986-11-30, 25.70     
1986-12-01, 29.20     
1986-12-02, 27.70     
1986-12-03, 29.40     
1986-12-04, 19.90     
1986-12-05, 27.80     
1986-12-06, 31.20     
1986-12-07, 22.80     
1986-12-08, 17.60     
1986-12-09, 19.40     
1986-12-10, 27.50     
1986-12-11, 18.40     
1986-12-12, 17.30     
1986-12-13, 17.50     
1986-12-14, 17.30     
1986-12-15, 21.90     
1986-12-16, 21.10     
1986-12-17, 17.90     
1986-12-18, 19.60     
1986-12-19, 23.60     
1986-12-20, 18.20     
1986-12-21, 20.00     
1986-12-22, 17.50     
1986-12-23, 18.90     
1986-12-24, 18.70     
1986-12-25, 28.90     
1986-12-26, 21.60     
1986-12-27, 20.70     
1986-12-28, 21.80     
1986-12-29, 21.90     
1986-12-30, 35.00     
1986-12-31, 26.00     
1987-01-01, 20.00     
1987-01-02, 33.60     
1987-01-03, 20.10     
1987-01-04, 23.50     
1987-01-05, 23.60     
1987-01-06, 24.50     
1987-01-07, 27.00     
1987-01-08, 17.00     
1987-01-09, 18.90     
1987-01-10, 21.80     
1987-01-11, 27.50     
1987-01-12, 22.80     
1987-01-13, 26.50     
1987-01-14, 22.70     
1987-01-15, 22.50     
1987-01-16, 37.80     
1987-01-17, 22.00     
1987-01-18, 27.60     
1987-01-19, 21.20     
1987-01-20, 22.60     
1987-01-21, 18.70     
1987-01-22, 17.50     
1987-01-23, 17.70     
1987-01-24, 30.30     
1987-01-25, 25.60     
1987-01-26, 32.70     
1987-01-27, 22.90     
1987-01-28, 21.00     
1987-01-29, 22.50     
1987-01-30, 25.70     
1987-01-31, 37.80     
1987-02-01, 21.30     
1987-02-02, 38.70     
1987-02-03, 21.50     
1987-02-04, 18.80     
1987-02-05, 21.70     
1987-02-06, 30.60     
1987-02-07, 40.00     
1987-02-08, 20.80     
1987-02-09, 23.70     
1987-02-10, 22.00     
1987-02-11, 20.50     
1987-02-12, 23.30     
1987-02-13, 34.20     
1987-02-14, 36.70     
1987-02-15, 21.30     
1987-02-16, 28.70     
1987-02-17, 27.60     
1987-02-18, 28.80     
1987-02-19, 37.00     
1987-02-20, 21.70     
1987-02-21, 22.70     
1987-02-22, 18.50     
1987-02-23, 25.40     
1987-02-24, 28.70     
1987-02-25, 18.40     
1987-02-26, 24.30     
1987-02-27, 33.00     
1987-02-28, 16.50     
1987-03-01, 18.00     
1987-03-02, 22.10     
1987-03-03, 24.30     
1987-03-04, 24.70     
1987-03-05, 30.10     
1987-03-06, 22.70     
1987-03-07, 22.90     
1987-03-08, 16.40     
1987-03-09, 16.20     
1987-03-10, 19.00     
1987-03-11, 27.00     
1987-03-12, 21.70     
1987-03-13, 16.70     
1987-03-14, 17.70     
1987-03-15, 21.60     
1987-03-16, 33.80     
1987-03-17, 31.80     
1987-03-18, 32.00     
1987-03-19, 17.60     
1987-03-20, 20.20     
1987-03-21, 17.30     
1987-03-22, 17.00     
1987-03-23, 15.60     
1987-03-24, 17.10     
1987-03-25, 21.90     
1987-03-26, 20.10     
1987-03-27, 29.70     
1987-03-28, 20.70     
1987-03-29, 16.50     
1987-03-30, 15.80     
1987-03-31, 17.40     
1987-04-01, 19.40     
1987-04-02, 21.10     
1987-04-03, 19.90     
1987-04-04, 28.60     
1987-04-05, 29.70     
1987-04-06, 29.70     
1987-04-07, 19.90     
1987-04-08, 17.40     
1987-04-09, 18.60     
1987-04-10, 23.00     
1987-04-11, 25.10     
1987-04-12, 26.60     
1987-04-13, 19.00     
1987-04-14, 21.20     
1987-04-15, 16.50     
1987-04-16, 17.50     
1987-04-17, 18.20     
1987-04-18, 24.00     
1987-04-19, 22.80     
1987-04-20, 15.10     
1987-04-21, 16.10     
1987-04-22, 15.80     
1987-04-23, 17.00     
1987-04-24, 19.70     
1987-04-25, 24.90     
1987-04-26, 26.90     
1987-04-27, 27.90     
1987-04-28, 18.50     
1987-04-29, 17.00     
1987-04-30, 16.40     
1987-05-01, 20.80     
1987-05-02, 16.70     
1987-05-03, 15.80     
1987-05-04, 18.50     
1987-05-05, 16.50     
1987-05-06, 16.60     
1987-05-07, 17.40     
1987-05-08, 21.70     
1987-05-09, 22.70     
1987-05-10, 23.30     
1987-05-11, 22.50     
1987-05-12, 21.90     
1987-05-13, 17.90     
1987-05-14, 20.10     
1987-05-15, 16.00     
1987-05-16, 16.60     
1987-05-17, 15.60     
1987-05-18, 15.20     
1987-05-19, 14.30     
1987-05-20, 15.00     
1987-05-21, 14.50     
1987-05-22, 16.90     
1987-05-23, 18.30     
1987-05-24, 18.00     
1987-05-25, 13.50     
1987-05-26, 13.70     
1987-05-27, 10.90     
1987-05-28, 13.60     
1987-05-29, 15.20     
1987-05-30, 14.10     
1987-05-31, 13.20     
1987-06-01, 13.80     
1987-06-02, 14.60     
1987-06-03, 16.20     
1987-06-04, 14.50     
1987-06-05, 14.30     
1987-06-06, 15.60     
1987-06-07, 15.90     
1987-06-08, 19.30     
1987-06-09, 16.00     
1987-06-10, 20.30     
1987-06-11, 15.80     
1987-06-12, 16.20     
1987-06-13, 12.80     
1987-06-14, 15.00     
1987-06-15, 13.40     
1987-06-16, 13.20     
1987-06-17, 13.80     
1987-06-18, 15.70     
1987-06-19, 16.20     
1987-06-20, 14.90     
1987-06-21, 18.30     
1987-06-22, 15.30     
1987-06-23, 15.20     
1987-06-24, 14.20     
1987-06-25, 12.00     
1987-06-26, 13.70     
1987-06-27, 13.80     
1987-06-28, 12.30     
1987-06-29, 12.80     
1987-06-30, 13.10     
1987-07-01, 14.50     
1987-07-02, 14.00     
1987-07-03, 13.30     
1987-07-04, 15.70     
1987-07-05, 16.00     
1987-07-06, 16.20     
1987-07-07, 18.00     
1987-07-08, 16.30     
1987-07-09, 15.80     
1987-07-10, 13.30     
1987-07-11, 13.70     
1987-07-12, 11.50     
1987-07-13, 13.70     
1987-07-14, 12.30     
1987-07-15, 12.60     
1987-07-16, 12.70     
1987-07-17, 14.80     
1987-07-18, 14.90     
1987-07-19, 12.00     
1987-07-20, 12.80     
1987-07-21, 12.40     
1987-07-22, 13.00     
1987-07-23, 13.10     
1987-07-24, 12.90     
1987-07-25, 13.80     
1987-07-26, 15.20     
1987-07-27, 13.10     
1987-07-28, 11.10     
1987-07-29, 10.80     
1987-07-30, 13.10     
1987-07-31, 15.00     
1987-08-01, 15.70     
1987-08-02, 16.40     
1987-08-03, 14.10     
1987-08-04, 15.50     
1987-08-05, 14.80     
1987-08-06, 13.90     
1987-08-07, 15.40     
1987-08-08, 14.80     
1987-08-09, 10.90     
1987-08-10, 12.90     
1987-08-11, 12.80     
1987-08-12, 18.60     
1987-08-13, 14.60     
1987-08-14, 18.00     
1987-08-15, 18.50     
1987-08-16, 11.80     
1987-08-17, 13.30     
1987-08-18, 14.50     
1987-08-19, 14.00     
1987-08-20, 13.30     
1987-08-21, 15.00     
1987-08-22, 18.40     
1987-08-23, 13.60     
1987-08-24, 15.30     
1987-08-25, 16.10     
1987-08-26, 19.00     
1987-08-27, 15.50     
1987-08-28, 16.20     
1987-08-29, 14.90     
1987-08-30, 17.90     
1987-08-31, 10.10     
1987-09-01, 12.10     
1987-09-02, 13.10     
1987-09-03, 12.90     
1987-09-04, 15.40     
1987-09-05, 15.60     
1987-09-06, 14.00     
1987-09-07, 14.20     
1987-09-08, 17.40     
1987-09-09, 14.00     
1987-09-10, 13.60     
1987-09-11, 15.70     
1987-09-12, 14.00     
1987-09-13, 15.00     
1987-09-14, 16.40     
1987-09-15, 15.10     
1987-09-16, 17.10     
1987-09-17, 18.90     
1987-09-18, 23.80     
1987-09-19, 25.90     
1987-09-20, 15.00     
1987-09-21, 17.00     
1987-09-22, 19.00     
1987-09-23, 26.50     
1987-09-24, 26.90     
1987-09-25, 23.70     
1987-09-26, 30.70     
1987-09-27, 29.60     
1987-09-28, 25.90     
1987-09-29, 20.20     
1987-09-30, 14.80     
1987-10-01, 13.90     
1987-10-02, 15.70     
1987-10-03, 22.80     
1987-10-04, 18.70     
1987-10-05, 17.00     
1987-10-06, 19.00     
1987-10-07, 14.10     
1987-10-08, 17.60     
1987-10-09, 19.00     
1987-10-10, 15.80     
1987-10-11, 12.90     
1987-10-12, 14.50     
1987-10-13, 15.90     
1987-10-14, 21.90     
1987-10-15, 24.10     
1987-10-16, 19.40     
1987-10-17, 15.40     
1987-10-18, 17.60     
1987-10-19, 20.50     
1987-10-20, 19.40     
1987-10-21, 18.00     
1987-10-22, 16.80     
1987-10-23, 15.80     
1987-10-24, 16.00     
1987-10-25, 22.10     
1987-10-26, 26.80     
1987-10-27, 26.30     
1987-10-28, 17.50     
1987-10-29, 19.00     
1987-10-30, 30.30     
1987-10-31, 32.70     
1987-11-01, 35.00     
1987-11-02, 36.10     
1987-11-03, 18.10     
1987-11-04, 18.10     
1987-11-05, 16.80     
1987-11-06, 18.60     
1987-11-07, 20.50     
1987-11-08, 27.80     
1987-11-09, 18.80     
1987-11-10, 16.80     
1987-11-11, 17.20     
1987-11-12, 19.60     
1987-11-13, 18.80     
1987-11-14, 18.50     
1987-11-15, 19.80     
1987-11-16, 30.50     
1987-11-17, 28.30     
1987-11-18, 32.60     
1987-11-19, 30.10     
1987-11-20, 19.80     
1987-11-21, 19.90     
1987-11-22, 23.80     
1987-11-23, 24.30     
1987-11-24, 17.40     
1987-11-25, 18.20     
1987-11-26, 18.40     
1987-11-27, 16.90     
1987-11-28, 24.00     
1987-11-29, 32.80     
1987-11-30, 18.90     
1987-12-01, 15.50     
1987-12-02, 16.00     
1987-12-03, 16.60     
1987-12-04, 20.80     
1987-12-05, 19.60     
1987-12-06, 18.50     
1987-12-07, 17.60     
1987-12-08, 20.80     
1987-12-09, 21.50     
1987-12-10, 25.00     
1987-12-11, 21.20     
1987-12-12, 22.60     
1987-12-13, 25.60     
1987-12-14, 25.10     
1987-12-15, 32.50     
1987-12-16, 27.80     
1987-12-17, 21.50     
1987-12-18, 20.70     
1987-12-19, 19.90     
1987-12-20, 18.40     
1987-12-21, 22.30     
1987-12-22, 24.60     
1987-12-23, 25.60     
1987-12-24, 19.00     
1987-12-25, 18.70     
1987-12-26, 29.20     
1987-12-27, 31.80     
1987-12-28, 18.40     
1987-12-29, 19.20     
1987-12-30, 30.80     
1987-12-31, 32.20     
1988-01-01, 22.00     
1988-01-02, 21.40     
1988-01-03, 20.00     
1988-01-04, 20.60     
1988-01-05, 22.20     
1988-01-06, 30.00     
1988-01-07, 40.40     
1988-01-08, 26.30     
1988-01-09, 39.00     
1988-01-10, 30.60     
1988-01-11, 39.20     
1988-01-12, 37.80     
1988-01-13, 28.80     
1988-01-14, 30.80     
1988-01-15, 38.70     
1988-01-16, 25.20     
1988-01-17, 20.60     
1988-01-18, 21.00     
1988-01-19, 25.60     
1988-01-20, 36.20     
1988-01-21, 24.90     
1988-01-22, 26.20     
1988-01-23, 20.00     
1988-01-24, 19.70     
1988-01-25, 20.30     
1988-01-26, 25.10     
1988-01-27, 29.10     
1988-01-28, 37.50     
1988-01-29, 39.20     
1988-01-30, 33.70     
1988-01-31, 19.50     
1988-02-01, 19.90     
1988-02-02, 21.00     
1988-02-03, 20.30     
1988-02-04, 22.60     
1988-02-05, 32.90     
1988-02-06, 21.30     
1988-02-07, 19.50     
1988-02-08, 19.20     
1988-02-09, 22.00     
1988-02-10, 27.20     
1988-02-11, 32.20     
1988-02-12, 25.40     
1988-02-13, 25.00     
1988-02-14, 25.20     
1988-02-15, 26.70     
1988-02-16, 25.30     
1988-02-17, 29.90     
1988-02-18, 27.60     
1988-02-19, 20.60     
1988-02-20, 21.00     
1988-02-21, 21.60     
1988-02-22, 24.00     
1988-02-23, 23.80     
1988-02-24, 21.90     
1988-02-25, 29.40     
1988-02-26, 37.40     
1988-02-27, 21.50     
1988-02-28, 21.10     
1988-02-29, 21.00     
1988-03-01, 36.30     
1988-03-02, 28.70     
1988-03-03, 19.40     
1988-03-04, 20.30     
1988-03-05, 20.80     
1988-03-06, 30.50     
1988-03-07, 30.30     
1988-03-08, 23.40     
1988-03-09, 25.70     
1988-03-10, 15.70     
1988-03-11, 19.30     
1988-03-12, 18.80     
1988-03-13, 17.00     
1988-03-14, 17.60     
1988-03-15, 18.50     
1988-03-16, 21.00     
1988-03-17, 26.90     
1988-03-18, 30.60     
1988-03-19, 32.70     
1988-03-20, 29.20     
1988-03-21, 25.80     
1988-03-22, 28.20     
1988-03-23, 24.70     
1988-03-24, 30.60     
1988-03-25, 30.60     
1988-03-26, 29.00     
1988-03-27, 26.50     
1988-03-28, 25.50     
1988-03-29, 24.90     
1988-03-30, 20.90     
1988-03-31, 23.40     
1988-04-01, 18.10     
1988-04-02, 20.70     
1988-04-03, 20.30     
1988-04-04, 21.10     
1988-04-05, 19.50     
1988-04-06, 20.40     
1988-04-07, 17.30     
1988-04-08, 18.50     
1988-04-09, 21.00     
1988-04-10, 23.50     
1988-04-11, 25.70     
1988-04-12, 23.10     
1988-04-13, 24.80     
1988-04-14, 22.40     
1988-04-15, 17.40     
1988-04-16, 18.30     
1988-04-17, 26.00     
1988-04-18, 25.50     
1988-04-19, 21.80     
1988-04-20, 21.20     
1988-04-21, 25.20     
1988-04-22, 21.70     
1988-04-23, 22.60     
1988-04-24, 24.30     
1988-04-25, 17.00     
1988-04-26, 20.70     
1988-04-27, 22.70     
1988-04-28, 25.40     
1988-04-29, 24.90     
1988-04-30, 25.00     
1988-05-01, 20.50     
1988-05-02, 20.20     
1988-05-03, 19.40     
1988-05-04, 21.40     
1988-05-05, 25.50     
1988-05-06, 19.40     
1988-05-07, 18.80     
1988-05-08, 17.00     
1988-05-09, 15.50     
1988-05-10, 16.20     
1988-05-11, 16.70     
1988-05-12, 20.10     
1988-05-13, 21.40     
1988-05-14, 16.40     
1988-05-15, 17.30     
1988-05-16, 17.00     
1988-05-17, 18.20     
1988-05-18, 17.50     
1988-05-19, 14.90     
1988-05-20, 18.00     
1988-05-21, 16.70     
1988-05-22, 17.10     
1988-05-23, 16.80     
1988-05-24, 17.70     
1988-05-25, 18.40     
1988-05-26, 18.50     
1988-05-27, 15.50     
1988-05-28, 15.40     
1988-05-29, 17.50     
1988-05-30, 16.80     
1988-05-31, 18.90     
1988-06-01, 19.40     
1988-06-02, 20.30     
1988-06-03, 19.30     
1988-06-04, 17.00     
1988-06-05, 16.40     
1988-06-06, 13.30     
1988-06-07, 13.60     
1988-06-08, 14.10     
1988-06-09, 14.80     
1988-06-10, 14.10     
1988-06-11, 17.00     
1988-06-12, 16.00     
1988-06-13, 16.50     
1988-06-14, 14.90     
1988-06-15, 14.40     
1988-06-16, 13.50     
1988-06-17, 11.30     
1988-06-18, 15.00     
1988-06-19, 13.00     
1988-06-20, 14.90     
1988-06-21, 14.60     
1988-06-22, 14.10     
1988-06-23, 15.50     
1988-06-24, 14.40     
1988-06-25, 12.00     
1988-06-26, 17.50     
1988-06-27, 13.30     
1988-06-28, 14.30     
1988-06-29, 14.00     
1988-06-30, 13.50     
1988-07-01, 13.30     
1988-07-02, 12.30     
1988-07-03, 12.60     
1988-07-04, 14.10     
1988-07-05, 16.60     
1988-07-06, 17.30     
1988-07-07, 17.10     
1988-07-08, 16.10     
1988-07-09, 15.00     
1988-07-10, 15.40     
1988-07-11, 14.60     
1988-07-12, 14.60     
1988-07-13, 16.80     
1988-07-14, 16.50     
1988-07-15, 15.60     
1988-07-16, 14.80     
1988-07-17, 15.20     
1988-07-18, 15.20     
1988-07-19, 15.00     
1988-07-20, 14.10     
1988-07-21, 15.50     
1988-07-22, 12.60     
1988-07-23, 12.90     
1988-07-24, 15.10     
1988-07-25, 13.00     
1988-07-26, 15.60     
1988-07-27, 13.40     
1988-07-28, 14.40     
1988-07-29, 14.50     
1988-07-30, 15.40     
1988-07-31, 16.70     
1988-08-01, 16.10     
1988-08-02, 16.60     
1988-08-03, 16.50     
1988-08-04, 13.80     
1988-08-05, 13.40     
1988-08-06, 11.90     
1988-08-07, 10.70     
1988-08-08, 13.20     
1988-08-09, 13.10     
1988-08-10, 12.80     
1988-08-11, 16.20     
1988-08-12, 18.00     
1988-08-13, 18.90     
1988-08-14, 18.30     
1988-08-15, 19.80     
1988-08-16, 19.30     
1988-08-17, 16.20     
1988-08-18, 17.60     
1988-08-19, 17.50     
1988-08-20, 13.20     
1988-08-21, 13.20     
1988-08-22, 13.40     
1988-08-23, 14.20     
1988-08-24, 16.10     
1988-08-25, 14.20     
1988-08-26, 14.30     
1988-08-27, 14.50     
1988-08-28, 17.10     
1988-08-29, 18.20     
1988-08-30, 22.20     
1988-08-31, 22.40     
1988-09-01, 15.60     
1988-09-02, 16.60     
1988-09-03, 14.50     
1988-09-04, 17.70     
1988-09-05, 21.00     
1988-09-06, 14.30     
1988-09-07, 20.00     
1988-09-08, 20.20     
1988-09-09, 19.20     
1988-09-10, 19.80     
1988-09-11, 14.80     
1988-09-12, 14.20     
1988-09-13, 17.20     
1988-09-14, 17.20     
1988-09-15, 22.10     
1988-09-16, 15.40     
1988-09-17, 16.10     
1988-09-18, 14.80     
1988-09-19, 15.10     
1988-09-20, 20.20     
1988-09-21, 22.30     
1988-09-22, 24.60     
1988-09-23, 18.40     
1988-09-24, 18.20     
1988-09-25, 23.40     
1988-09-26, 23.80     
1988-09-27, 20.10     
1988-09-28, 20.50     
1988-09-29, 19.50     
1988-09-30, 18.80     
1988-10-01, 19.80     
1988-10-02, 26.20     
1988-10-03, 21.20     
1988-10-04, 21.20     
1988-10-05, 17.30     
1988-10-06, 20.50     
1988-10-07, 19.20     
1988-10-08, 18.00     
1988-10-09, 17.70     
1988-10-10, 23.70     
1988-10-11, 16.90     
1988-10-12, 23.20     
1988-10-13, 22.30     
1988-10-14, 18.70     
1988-10-15, 24.00     
1988-10-16, 16.40     
1988-10-17, 18.80     
1988-10-18, 19.00     
1988-10-19, 26.70     
1988-10-20, 19.30     
1988-10-21, 19.50     
1988-10-22, 21.20     
1988-10-23, 17.00     
1988-10-24, 24.40     
1988-10-25, 29.00     
1988-10-26, 19.20     
1988-10-27, 24.60     
1988-10-28, 23.40     
1988-10-29, 22.60     
1988-10-30, 21.10     
1988-10-31, 29.10     
1988-11-01, 36.10     
1988-11-02, 23.10     
1988-11-03, 16.50     
1988-11-04, 16.20     
1988-11-05, 21.30     
1988-11-06, 25.40     
1988-11-07, 26.40     
1988-11-08, 21.10     
1988-11-09, 21.10     
1988-11-10, 19.70     
1988-11-11, 31.20     
1988-11-12, 34.50     
1988-11-13, 22.90     
1988-11-14, 13.50     
1988-11-15, 16.20     
1988-11-16, 15.30     
1988-11-17, 19.20     
1988-11-18, 29.40     
1988-11-19, 27.70     
1988-11-20, 19.60     
1988-11-21, 16.80     
1988-11-22, 19.90     
1988-11-23, 20.40     
1988-11-24, 18.30     
1988-11-25, 16.70     
1988-11-26, 16.90     
1988-11-27, 18.90     
1988-11-28, 17.60     
1988-11-29, 18.60     
1988-11-30, 21.40     
1988-12-01, 28.70     
1988-12-02, 28.00     
1988-12-03, 22.80     
1988-12-04, 17.20     
1988-12-05, 18.70     
1988-12-06, 19.90     
1988-12-07, 23.00     
1988-12-08, 30.80     
1988-12-09, 31.70     
1988-12-10, 20.80     
1988-12-11, 20.80     
1988-12-12, 25.20     
1988-12-13, 31.30     
1988-12-14, 32.10     
1988-12-15, 34.30     
1988-12-16, 33.70     
1988-12-17, 28.60     
1988-12-18, 19.20     
1988-12-19, 20.90     
1988-12-20, 21.10     
1988-12-21, 26.10     
1988-12-22, 26.40     
1988-12-23, 36.80     
1988-12-24, 26.30     
1988-12-25, 17.90     
1988-12-26, 21.30     
1988-12-27, 19.50     
1988-12-28, 20.10     
1988-12-29, 21.70     
1988-12-30, 19.50     
1989-01-01, 24.80     
1989-01-02, 30.20     
1989-01-03, 31.60     
1989-01-04, 19.00     
1989-01-05, 21.30     
1989-01-06, 20.60     
1989-01-07, 22.80     
1989-01-08, 33.20     
1989-01-09, 24.70     
1989-01-10, 21.30     
1989-01-11, 17.90     
1989-01-12, 18.70     
1989-01-13, 25.30     
1989-01-14, 31.00     
1989-01-15, 33.20     
1989-01-16, 31.00     
1989-01-17, 18.20     
1989-01-18, 19.10     
1989-01-19, 22.20     
1989-01-20, 20.30     
1989-01-21, 19.80     
1989-01-22, 18.30     
1989-01-23, 27.50     
1989-01-24, 29.80     
1989-01-25, 31.00     
1989-01-26, 32.90     
1989-01-27, 35.50     
1989-01-28, 36.00     
1989-01-29, 36.60     
1989-01-30, 21.70     
1989-01-31, 19.80     
1989-02-01, 26.70     
1989-02-02, 22.90     
1989-02-03, 19.80     
1989-02-04, 24.90     
1989-02-05, 24.80     
1989-02-06, 28.80     
1989-02-07, 32.70     
1989-02-08, 33.70     
1989-02-09, 24.70     
1989-02-10, 21.60     
1989-02-11, 26.20     
1989-02-12, 33.40     
1989-02-13, 22.90     
1989-02-14, 31.20     
1989-02-15, 23.10     
1989-02-16, 24.40     
1989-02-17, 30.70     
1989-02-18, 38.80     
1989-02-19, 21.50     
1989-02-20, 20.70     
1989-02-21, 20.30     
1989-02-22, 21.30     
1989-02-23, 30.00     
1989-02-24, 37.10     
1989-02-25, 21.10     
1989-02-26, 22.00     
1989-02-27, 34.40     
1989-02-28, 33.80     
1989-03-01, 37.80     
1989-03-02, 38.40     
1989-03-03, 32.80     
1989-03-04, 34.40     
1989-03-05, 26.40     
1989-03-06, 27.30     
1989-03-07, 28.00     
1989-03-08, 30.70     
1989-03-09, 30.70     
1989-03-10, 23.40     
1989-03-11, 26.10     
1989-03-12, 26.10     
1989-03-13, 21.80     
1989-03-14, 18.90     
1989-03-15, 18.50     
1989-03-16, 17.50     
1989-03-17, 21.50     
1989-03-18, 25.10     
1989-03-19, 21.90     
1989-03-20, 24.20     
1989-03-21, 24.20     
1989-03-22, 27.40     
1989-03-23, 21.30     
1989-03-24, 18.00     
1989-03-25, 18.70     
1989-03-26, 20.00     
1989-03-27, 20.90     
1989-03-28, 19.30     
1989-03-29, 19.30     
1989-03-30, 22.20     
1989-03-31, 17.70     
1989-04-01, 21.90     
1989-04-02, 25.20     
1989-04-03, 25.10     
1989-04-04, 28.50     
1989-04-05, 27.60     
1989-04-06, 19.60     
1989-04-07, 18.50     
1989-04-08, 19.20     
1989-04-09, 20.40     
1989-04-10, 22.80     
1989-04-11, 23.00     
1989-04-12, 20.30     
1989-04-13, 18.00     
1989-04-14, 18.00     
1989-04-15, 20.20     
1989-04-16, 18.10     
1989-04-17, 19.20     
1989-04-18, 17.80     
1989-04-19, 19.80     
1989-04-20, 20.30     
1989-04-21, 18.30     
1989-04-22, 18.30     
1989-04-23, 20.20     
1989-04-24, 22.00     
1989-04-25, 24.30     
1989-04-26, 24.70     
1989-04-27, 25.40     
1989-04-28, 19.90     
1989-04-29, 23.00     
1989-04-30, 21.80     
1989-05-01, 19.30     
1989-05-02, 18.50     
1989-05-03, 20.60     
1989-05-04, 17.20     
1989-05-05, 17.50     
1989-05-06, 19.10     
1989-05-07, 18.00     
1989-05-08, 18.90     
1989-05-09, 23.40     
1989-05-10, 19.30     
1989-05-11, 19.20     
1989-05-12, 21.20     
1989-05-13, 21.50     
1989-05-14, 17.20     
1989-05-15, 16.80     
1989-05-16, 16.00     
1989-05-17, 18.90     
1989-05-18, 20.60     
1989-05-19, 15.90     
1989-05-20, 16.70     
1989-05-21, 18.40     
1989-05-22, 16.20     
1989-05-23, 16.20     
1989-05-24, 15.80     
1989-05-25, 16.20     
1989-05-26, 18.30     
1989-05-27, 18.50     
1989-05-28, 19.40     
1989-05-29, 17.00     
1989-05-30, 14.60     
1989-05-31, 11.00     
1989-06-01, 12.40     
1989-06-02, 14.00     
1989-06-03, 10.80     
1989-06-04, 13.10     
1989-06-05, 15.00     
1989-06-06, 13.00     
1989-06-07, 17.50     
1989-06-08, 16.00     
1989-06-09, 10.20     
1989-06-10, 13.70     
1989-06-11, 15.40     
1989-06-12, 13.60     
1989-06-13, 12.90     
1989-06-14, 14.20     
1989-06-15, 15.00     
1989-06-16, 15.20     
1989-06-17, 18.20     
1989-06-18, 12.30     
1989-06-19, 13.80     
1989-06-20, 13.90     
1989-06-21, 14.60     
1989-06-22, 14.90     
1989-06-23, 12.60     
1989-06-24, 11.20     
1989-06-25, 12.90     
1989-06-26, 14.10     
1989-06-27, 12.80     
1989-06-28, 15.80     
1989-06-29, 16.00     
1989-06-30, 16.00     
1989-07-01, 16.60     
1989-07-02, 16.60     
1989-07-03, 16.00     
1989-07-04, 12.70     
1989-07-05, 12.30     
1989-07-06, 11.80     
1989-07-07, 14.10     
1989-07-08, 12.60     
1989-07-09, 12.90     
1989-07-10, 11.50     
1989-07-11, 12.90     
1989-07-12, 11.80     
1989-07-13, 11.90     
1989-07-14, 14.20     
1989-07-15, 12.00     
1989-07-16, 11.70     
1989-07-17, 11.80     
1989-07-18, 13.00     
1989-07-19, 11.40     
1989-07-20, 11.00     
1989-07-21, 12.30     
1989-07-22, 13.10     
1989-07-23, 11.40     
1989-07-24, 16.00     
1989-07-25, 15.30     
1989-07-26, 13.20     
1989-07-27, 15.90     
1989-07-28, 16.00     
1989-07-29, 19.60     
1989-07-30, 15.20     
1989-07-31, 10.60     
1989-08-01, 14.80     
1989-08-02, 15.80     
1989-08-03, 14.10     
1989-08-04, 14.40     
1989-08-05, 10.70     
1989-08-06, 13.20     
1989-08-07, 13.00     
1989-08-08, 13.20     
1989-08-09, 16.00     
1989-08-10, 13.20     
1989-08-11, 11.80     
1989-08-12, 11.60     
1989-08-13, 13.40     
1989-08-14, 15.20     
1989-08-15, 15.50     
1989-08-16, 13.50     
1989-08-17, 14.00     
1989-08-18, 18.50     
1989-08-19, 14.90     
1989-08-20, 13.90     
1989-08-21, 15.90     
1989-08-22, 11.30     
1989-08-23, 12.20     
1989-08-24, 13.80     
1989-08-25, 13.80     
1989-08-26, 11.30     
1989-08-27, 13.00     
1989-08-28, 13.60     
1989-08-29, 13.20     
1989-08-30, 16.00     
1989-08-31, 17.20     
1989-09-01, 14.70     
1989-09-02, 15.50     
1989-09-03, 15.20     
1989-09-04, 16.00     
1989-09-05, 16.60     
1989-09-06, 17.80     
1989-09-07, 19.80     
1989-09-08, 20.60     
1989-09-09, 19.00     
1989-09-10, 19.50     
1989-09-11, 12.60     
1989-09-12, 14.30     
1989-09-13, 14.90     
1989-09-14, 13.70     
1989-09-15, 14.20     
1989-09-16, 18.40     
1989-09-17, 15.40     
1989-09-18, 18.70     
1989-09-19, 16.90     
1989-09-20, 16.50     
1989-09-21, 20.00     
1989-09-22, 17.20     
1989-09-23, 15.80     
1989-09-24, 20.00     
1989-09-25, 14.30     
1989-09-26, 14.20     
1989-09-27, 14.70     
1989-09-28, 22.40     
1989-09-29, 25.30     
1989-09-30, 21.50     
1989-10-01, 15.00     
1989-10-02, 13.80     
1989-10-03, 15.60     
1989-10-04, 22.80     
1989-10-05, 18.00     
1989-10-06, 16.60     
1989-10-07, 20.00     
1989-10-08, 17.50     
1989-10-09, 18.10     
1989-10-10, 17.10     
1989-10-11, 18.40     
1989-10-12, 18.80     
1989-10-13, 21.80     
1989-10-14, 19.70     
1989-10-15, 26.10     
1989-10-16, 18.70     
1989-10-17, 20.80     
1989-10-18, 29.70     
1989-10-19, 21.00     
1989-10-20, 17.30     
1989-10-21, 16.80     
1989-10-22, 19.40     
1989-10-23, 16.80     
1989-10-24, 21.10     
1989-10-25, 20.40     
1989-10-26, 26.10     
1989-10-27, 15.00     
1989-10-28, 17.00     
1989-10-29, 24.00     
1989-10-30, 22.50     
1989-10-31, 16.30     
1989-11-01, 17.90     
1989-11-02, 17.70     
1989-11-03, 18.40     
1989-11-04, 25.60     
1989-11-05, 28.30     
1989-11-06, 15.10     
1989-11-07, 16.80     
1989-11-08, 19.60     
1989-11-09, 15.80     
1989-11-10, 16.90     
1989-11-11, 17.80     
1989-11-12, 18.20     
1989-11-13, 19.20     
1989-11-14, 19.00     
1989-11-15, 18.40     
1989-11-16, 22.00     
1989-11-17, 16.40     
1989-11-18, 16.70     
1989-11-19, 17.40     
1989-11-20, 20.60     
1989-11-21, 30.40     
1989-11-22, 30.30     
1989-11-23, 35.50     
1989-11-24, 18.80     
1989-11-25, 24.70     
1989-11-26, 27.30     
1989-11-27, 29.40     
1989-11-28, 32.50     
1989-11-29, 33.90     
1989-11-30, 25.00     
1989-12-01, 33.60     
1989-12-02, 25.70     
1989-12-03, 19.00     
1989-12-04, 18.40     
1989-12-05, 22.10     
1989-12-06, 25.20     
1989-12-07, 23.90     
1989-12-08, 28.70     
1989-12-09, 31.10     
1989-12-10, 29.10     
1989-12-11, 25.60     
1989-12-12, 23.20     
1989-12-13, 19.00     
1989-12-14, 17.10     
1989-12-15, 18.00     
1989-12-16, 20.00     
1989-12-17, 32.90     
1989-12-18, 32.10     
1989-12-19, 25.20     
1989-12-20, 18.50     
1989-12-21, 18.90     
1989-12-22, 20.80     
1989-12-23, 23.70     
1989-12-24, 28.00     
1989-12-25, 35.20     
1989-12-26, 23.20     
1989-12-27, 18.00     
1989-12-28, 19.80     
1989-12-29, 31.90     
1989-12-30, 21.50     
1989-12-31, 33.00     
1990-01-01, 21.60     
1990-01-02, 31.20     
1990-01-03, 36.60     
1990-01-04, 19.60     
1990-01-05, 23.10     
1990-01-06, 21.90     
1990-01-07, 21.10     
1990-01-08, 27.60     
1990-01-09, 27.30     
1990-01-10, 30.10     
1990-01-11, 33.50     
1990-01-12, 24.20     
1990-01-13, 21.40     
1990-01-14, 20.40     
1990-01-15, 20.30     
1990-01-16, 18.50     
1990-01-17, 29.50     
1990-01-18, 25.40     
1990-01-19, 25.20     
1990-01-20, 21.60     
1990-01-21, 21.80     
1990-01-22, 25.40     
1990-01-23, 36.60     
1990-01-24, 36.60     
1990-01-25, 28.70     
1990-01-26, 27.20     
1990-01-27, 25.50     
1990-01-28, 23.60     
1990-01-29, 25.60     
1990-01-30, 35.90     
1990-01-31, 19.10     
1990-02-01, 15.00     
1990-02-02, 20.70     
1990-02-03, 21.90     
1990-02-04, 18.20     
1990-02-05, 21.90     
1990-02-06, 25.30     
1990-02-07, 29.60     
1990-02-08, 29.90     
1990-02-09, 24.40     
1990-02-10, 20.20     
1990-02-11, 23.50     
1990-02-12, 26.00     
1990-02-13, 25.90     
1990-02-14, 27.40     
1990-02-15, 31.50     
1990-02-16, 35.80     
1990-02-17, 23.90     
1990-02-18, 27.80     
1990-02-19, 26.00     
1990-02-20, 31.10     
1990-02-21, 35.20     
1990-02-22, 27.80     
1990-02-23, 21.30     
1990-02-24, 21.50     
1990-02-25, 23.00     
1990-02-26, 24.40     
1990-02-27, 27.40     
1990-02-28, 23.80     
1990-03-01, 25.20     
1990-03-02, 28.50     
1990-03-03, 25.30     
1990-03-04, 25.60     
1990-03-05, 24.10     
1990-03-06, 19.30     
1990-03-07, 22.70     
1990-03-08, 31.20     
1990-03-09, 25.80     
1990-03-10, 21.50     
1990-03-11, 20.30     
1990-03-12, 18.90     
1990-03-13, 25.20     
1990-03-14, 26.80     
1990-03-15, 19.20     
1990-03-16, 21.50     
1990-03-17, 30.80     
1990-03-18, 18.60     
1990-03-19, 19.80     
1990-03-20, 21.30     
1990-03-21, 21.30     
1990-03-22, 29.90     
1990-03-23, 32.00     
1990-03-24, 32.40     
1990-03-25, 32.50     
1990-03-26, 32.60     
1990-03-27, 31.50     
1990-03-28, 21.00     
1990-03-29, 20.60     
1990-03-30, 19.70     
1990-03-31, 19.70     
1990-04-01, 20.10     
1990-04-02, 17.80     
1990-04-03, 22.10     
1990-04-04, 28.80     
1990-04-05, 26.80     
1990-04-06, 27.10     
1990-04-07, 19.40     
1990-04-08, 19.10     
1990-04-09, 22.50     
1990-04-10, 26.00     
1990-04-11, 22.20     
1990-04-12, 28.40     
1990-04-13, 25.20     
1990-04-14, 20.90     
1990-04-15, 17.60     
1990-04-16, 17.20     
1990-04-17, 17.20     
1990-04-18, 18.70     
1990-04-19, 18.60     
1990-04-20, 21.80     
1990-04-21, 16.70     
1990-04-22, 17.90     
1990-04-23, 20.80     
1990-04-24, 21.20     
1990-04-25, 17.50     
1990-04-26, 16.60     
1990-04-27, 17.50     
1990-04-28, 18.10     
1990-04-29, 18.50     
1990-04-30, 19.80     
1990-05-01, 23.00     
1990-05-02, 21.20     
1990-05-03, 21.20     
1990-05-04, 23.10     
1990-05-05, 20.20     
1990-05-06, 18.10     
1990-05-07, 16.20     
1990-05-08, 18.70     
1990-05-09, 21.20     
1990-05-10, 19.30     
1990-05-11, 21.80     
1990-05-12, 19.90     
1990-05-13, 13.60     
1990-05-14, 14.70     
1990-05-15, 18.00     
1990-05-16, 19.30     
1990-05-17, 17.70     
1990-05-18, 14.60     
1990-05-19, 14.50     
1990-05-20, 14.40     
1990-05-21, 15.40     
1990-05-22, 14.50     
1990-05-23, 16.20     
1990-05-24, 14.20     
1990-05-25, 13.20     
1990-05-26, 15.20     
1990-05-27, 17.40     
1990-05-28, 13.70     
1990-05-29, 16.80     
1990-05-30, 17.70     
1990-05-31, 16.20     
1990-06-01, 13.20     
1990-06-02, 16.30     
1990-06-03, 16.30     
1990-06-04, 14.60     
1990-06-05, 13.90     
1990-06-06, 16.00     
1990-06-07, 18.40     
1990-06-08, 19.00     
1990-06-09, 17.40     
1990-06-10, 16.20     
1990-06-11, 16.30     
1990-06-12, 16.80     
1990-06-13, 14.60     
1990-06-14, 14.20     
1990-06-15, 13.30     
1990-06-16, 14.00     
1990-06-17, 11.70     
1990-06-18, 12.90     
1990-06-19, 12.70     
1990-06-20, 14.60     
1990-06-21, 15.10     
1990-06-22, 16.10     
1990-06-23, 16.20     
1990-06-24, 13.00     
1990-06-25, 12.40     
1990-06-26, 12.60     
1990-06-27, 9.70     
1990-06-28, 11.80     
1990-06-29, 15.80     
1990-06-30, 13.60     
1990-07-01, 8.90     
1990-07-02, 12.20     
1990-07-03, 13.20     
1990-07-04, 15.20     
1990-07-05, 12.60     
1990-07-06, 12.90     
1990-07-07, 15.90     
1990-07-08, 15.40     
1990-07-09, 15.00     
1990-07-10, 14.20     
1990-07-11, 15.70     
1990-07-12, 14.40     
1990-07-13, 14.70     
1990-07-14, 14.50     
1990-07-15, 15.50     
1990-07-16, 19.20     
1990-07-17, 18.20     
1990-07-18, 13.90     
1990-07-19, 15.00     
1990-07-20, 15.80     
1990-07-21, 15.70     
1990-07-22, 15.60     
1990-07-23, 17.70     
1990-07-24, 18.80     
1990-07-25, 15.20     
1990-07-26, 14.50     
1990-07-27, 13.50     
1990-07-28, 13.40     
1990-07-29, 12.40     
1990-07-30, 15.50     
1990-07-31, 13.20     
1990-08-01, 14.00     
1990-08-02, 14.10     
1990-08-03, 15.10     
1990-08-04, 17.20     
1990-08-05, 15.10     
1990-08-06, 14.50     
1990-08-07, 13.60     
1990-08-08, 13.10     
1990-08-09, 13.10     
1990-08-10, 13.30     
1990-08-11, 14.80     
1990-08-12, 15.00     
1990-08-13, 16.40     
1990-08-14, 15.30     
1990-08-15, 13.80     
1990-08-16, 13.50     
1990-08-17, 12.70     
1990-08-18, 13.10     
1990-08-19, 15.80     
1990-08-20, 16.00     
1990-08-21, 14.40     
1990-08-22, 11.90     
1990-08-23, 13.20     
1990-08-24, 12.00     
1990-08-25, 11.60     
1990-08-26, 12.10     
1990-08-27, 17.30     
1990-08-28, 17.00     
1990-08-29, 14.70     
1990-08-30, 17.80     
1990-08-31, 13.70     
1990-09-01, 16.60     
1990-09-02, 14.50     
1990-09-03, 13.60     
1990-09-04, 15.80     
1990-09-05, 16.40     
1990-09-06, 16.80     
1990-09-07, 14.60     
1990-09-08, 15.70     
1990-09-09, 19.70     
1990-09-10, 20.70     
1990-09-11, 18.60     
1990-09-12, 13.70     
1990-09-13, 11.90     
1990-09-14, 14.00     
1990-09-15, 14.60     
1990-09-16, 13.40     
1990-09-17, 16.60     
1990-09-18, 21.00     
1990-09-19, 23.20     
1990-09-20, 23.90     
1990-09-21, 17.80     
1990-09-22, 16.20     
1990-09-23, 22.10     
1990-09-24, 24.30     
1990-09-25, 19.00     
1990-09-26, 16.50     
1990-09-27, 17.10     
1990-09-28, 17.30     
1990-09-29, 16.80     
1990-09-30, 21.70     
1990-10-01, 20.10     
1990-10-02, 15.00     
1990-10-03, 14.80     
1990-10-04, 19.80     
1990-10-05, 24.00     
1990-10-06, 14.00     
1990-10-07, 15.30     
1990-10-08, 14.80     
1990-10-09, 16.80     
1990-10-10, 20.80     
1990-10-11, 12.90     
1990-10-12, 14.30     
1990-10-13, 18.90     
1990-10-14, 22.60     
1990-10-15, 24.70     
1990-10-16, 19.60     
1990-10-17, 20.20     
1990-10-18, 23.90     
1990-10-19, 15.10     
1990-10-20, 17.10     
1990-10-21, 15.30     
1990-10-22, 16.00     
1990-10-23, 16.80     
1990-10-24, 19.80     
1990-10-25, 27.20     
1990-10-26, 29.10     
1990-10-27, 31.40     
1990-10-28, 33.20     
1990-10-29, 33.70     
1990-10-30, 19.60     
1990-10-31, 31.80     
1990-11-01, 22.40     
1990-11-02, 21.40     
1990-11-03, 22.00     
1990-11-04, 21.60     
1990-11-05, 30.70     
1990-11-06, 30.20     
1990-11-07, 32.60     
1990-11-08, 26.60     
1990-11-09, 22.00     
1990-11-10, 16.30     
1990-11-11, 17.20     
1990-11-12, 25.50     
1990-11-13, 32.10     
1990-11-14, 18.40     
1990-11-15, 21.00     
1990-11-16, 16.80     
1990-11-17, 15.60     
1990-11-18, 18.50     
1990-11-19, 21.50     
1990-11-20, 28.10     
1990-11-21, 31.40     
1990-11-22, 20.90     
1990-11-23, 18.70     
1990-11-24, 19.90     
1990-11-25, 21.90     
1990-11-26, 19.10     
1990-11-27, 28.50     
1990-11-28, 26.20     
1990-11-29, 20.10     
1990-11-30, 19.90     
1990-12-01, 22.20     
1990-12-02, 31.40     
1990-12-03, 24.10     
1990-12-04, 35.20     
1990-12-05, 36.90     
1990-12-06, 33.20     
1990-12-07, 35.70     
1990-12-08, 21.10     
1990-12-09, 21.60     
1990-12-10, 18.60     
1990-12-11, 18.80     
1990-12-12, 18.70     
1990-12-13, 21.60     
1990-12-14, 22.40     
1990-12-15, 20.90     
1990-12-16, 23.30     
1990-12-17, 34.40     
1990-12-18, 20.70     
1990-12-19, 24.20     
1990-12-20, 22.20     
1990-12-21, 23.50     
1990-12-22, 30.30     
1990-12-23, 19.80     
1990-12-24, 23.30     
1990-12-25, 29.30     
1990-12-26, 20.90     
1990-12-27, 37.60     
1990-12-28, 23.20     
1990-12-29, 25.10     
1990-12-30, 24.40     
1990-12-31, 24.60     
